fold,dataset_id,case_id,source_split,qc_flag,source_image,source_mask,staging_image,staging_mask,task_image,task_mask,image_sha256,mask_sha256,split_sha256
0,511,UKCHLL001,training_set,PASS_AUTOMATED,data/extracted/curvas/training_set/UKCHLL001/image.nii.gz,data/derived/curvas/pancreas_majority_vote/UKCHLL001.nii.gz,data/nnunet_raw/Dataset501_CURVASPancreasOOF/imagesTr/UKCHLL001_0000.nii.gz,data/nnunet_raw/Dataset501_CURVASPancreasOOF/labelsTr/UKCHLL001.nii.gz,data/nnunet_raw/Dataset511_CURVASPancreasOOF_Fold0/imagesTr/UKCHLL001_0000.nii.gz,data/nnunet_raw/Dataset511_CURVASPancreasOOF_Fold0/labelsTr/UKCHLL001.nii.gz,5cf3a1a3ce80d564bff404a1559f647d7986bf6235782e927d623ac1951d0b3a,5c752b2a65957c43ccf9c14277e734668fab8a89cb55bd95702907892d82f968,3660d71c9db5d7f407f3649d49fb3a2c1be87feb28588e160a70aa9c74a5a316
0,511,UKCHLL008,testing_set,PASS_AUTOMATED,data/extracted/curvas/testing_set/UKCHLL008/image.nii.gz,data/derived/curvas/pancreas_majority_vote/UKCHLL008.nii.gz,data/nnunet_raw/Dataset501_CURVASPancreasOOF/imagesTr/UKCHLL008_0000.nii.gz,data/nnunet_raw/Dataset501_CURVASPancreasOOF/labelsTr/UKCHLL008.nii.gz,data/nnunet_raw/Dataset511_CURVASPancreasOOF_Fold0/imagesTr/UKCHLL008_0000.nii.gz,data/nnunet_raw/Dataset511_CURVASPancreasOOF_Fold0/labelsTr/UKCHLL008.nii.gz,eee9fed24a67f9627a5e5ed0fd553cd1fc5d8ebd929317194db477613d2a85c9,54128ffd4368835156c28e3832e545a1f92e443fbc78f1574245f8e25b3bfaeb,3660d71c9db5d7f407f3649d49fb3a2c1be87feb28588e160a70aa9c74a5a316
0,511,UKCHLL010,testing_set,PASS_AUTOMATED,data/extracted/curvas/testing_set/UKCHLL010/image.nii.gz,data/derived/curvas/pancreas_majority_vote/UKCHLL010.nii.gz,data/nnunet_raw/Dataset501_CURVASPancreasOOF/imagesTr/UKCHLL010_0000.nii.gz,data/nnunet_raw/Dataset501_CURVASPancreasOOF/labelsTr/UKCHLL010.nii.gz,data/nnunet_raw/Dataset511_CURVASPancreasOOF_Fold0/imagesTr/UKCHLL010_0000.nii.gz,data/nnunet_raw/Dataset511_CURVASPancreasOOF_Fold0/labelsTr/UKCHLL010.nii.gz,4c0ad482cfad700b165c8c4842809f9a7f21c7db002a91c2d26d44fe8d3877e8,870909d36245480d18b1447154463db1556019b5def5e6117203d155a5c05a45,3660d71c9db5d7f407f3649d49fb3a2c1be87feb28588e160a70aa9c74a5a316
0,511,UKCHLL018,testing_set,PASS_AUTOMATED,data/extracted/curvas/testing_set/UKCHLL018/image.nii.gz,data/derived/curvas/pancreas_majority_vote/UKCHLL018.nii.gz,data/nnunet_raw/Dataset501_CURVASPancreasOOF/imagesTr/UKCHLL018_0000.nii.gz,data/nnunet_raw/Dataset501_CURVASPancreasOOF/labelsTr/UKCHLL018.nii.gz,data/nnunet_raw/Dataset511_CURVASPancreasOOF_Fold0/imagesTr/UKCHLL018_0000.nii.gz,data/nnunet_raw/Dataset511_CURVASPancreasOOF_Fold0/labelsTr/UKCHLL018.nii.gz,df2a36655b0596f47ec827abd6b8648c7f66c7c54f6b71322a0231e1208562a5,5bbce1a1ad06501361e41c67012c1e41e6cda1425c377b9aec126fbef7bdd678,3660d71c9db5d7f407f3649d49fb3a2c1be87feb28588e160a70aa9c74a5a316
0,511,UKCHLL021,training_set,PASS_AUTOMATED,data/extracted/curvas/training_set/UKCHLL021/image.nii.gz,data/derived/curvas/pancreas_majority_vote/UKCHLL021.nii.gz,data/nnunet_raw/Dataset501_CURVASPancreasOOF/imagesTr/UKCHLL021_0000.nii.gz,data/nnunet_raw/Dataset501_CURVASPancreasOOF/labelsTr/UKCHLL021.nii.gz,data/nnunet_raw/Dataset511_CURVASPancreasOOF_Fold0/imagesTr/UKCHLL021_0000.nii.gz,data/nnunet_raw/Dataset511_CURVASPancreasOOF_Fold0/labelsTr/UKCHLL021.nii.gz,a9d0894c09d1cfa31756c3db1a6ce0e349d169fd0525d03ad358bf2a36f5d184,b3db9919d4db6d39269e3cb47b3a102804e7751cfbb4d4150a71c36af96f10c6,3660d71c9db5d7f407f3649d49fb3a2c1be87feb28588e160a70aa9c74a5a316
0,511,UKCHLL023,training_set,PASS_AUTOMATED,data/extracted/curvas/training_set/UKCHLL023/image.nii.gz,data/derived/curvas/pancreas_majority_vote/UKCHLL023.nii.gz,data/nnunet_raw/Dataset501_CURVASPancreasOOF/imagesTr/UKCHLL023_0000.nii.gz,data/nnunet_raw/Dataset501_CURVASPancreasOOF/labelsTr/UKCHLL023.nii.gz,data/nnunet_raw/Dataset511_CURVASPancreasOOF_Fold0/imagesTr/UKCHLL023_0000.nii.gz,data/nnunet_raw/Dataset511_CURVASPancreasOOF_Fold0/labelsTr/UKCHLL023.nii.gz,77b830d5314071aefc5dd5437aa81202de885915912b24f858e71778155cf81c,8e0eda47ed47ef81b31dd035336803279d02a9782a3ca40355944c43ea9c2fb6,3660d71c9db5d7f407f3649d49fb3a2c1be87feb28588e160a70aa9c74a5a316
0,511,UKCHLL025,testing_set,PASS_AUTOMATED,data/extracted/curvas/testing_set/UKCHLL025/image.nii.gz,data/derived/curvas/pancreas_majority_vote/UKCHLL025.nii.gz,data/nnunet_raw/Dataset501_CURVASPancreasOOF/imagesTr/UKCHLL025_0000.nii.gz,data/nnunet_raw/Dataset501_CURVASPancreasOOF/labelsTr/UKCHLL025.nii.gz,data/nnunet_raw/Dataset511_CURVASPancreasOOF_Fold0/imagesTr/UKCHLL025_0000.nii.gz,data/nnunet_raw/Dataset511_CURVASPancreasOOF_Fold0/labelsTr/UKCHLL025.nii.gz,58f5fa80cc7b90a4d33e2143f48534617cc67bc07c92cf37ebc98badcd1a08c9,40b403c443246f1d9eebdbd94fd860b1fd0b8d53e40ef8539e56653934e3dc23,3660d71c9db5d7f407f3649d49fb3a2c1be87feb28588e160a70aa9c74a5a316
0,511,UKCHLL026,testing_set,PASS_AUTOMATED,data/extracted/curvas/testing_set/UKCHLL026/image.nii.gz,data/derived/curvas/pancreas_majority_vote/UKCHLL026.nii.gz,data/nnunet_raw/Dataset501_CURVASPancreasOOF/imagesTr/UKCHLL026_0000.nii.gz,data/nnunet_raw/Dataset501_CURVASPancreasOOF/labelsTr/UKCHLL026.nii.gz,data/nnunet_raw/Dataset511_CURVASPancreasOOF_Fold0/imagesTr/UKCHLL026_0000.nii.gz,data/nnunet_raw/Dataset511_CURVASPancreasOOF_Fold0/labelsTr/UKCHLL026.nii.gz,b5207bbfd0e1463041c8f3bcfad60f9930ea7f3e05b9a213422b5206a09dfdf6,0986c42e137767f646209e035dbf2c725bc4bd9f9c7a98f4700174142c347f60,3660d71c9db5d7f407f3649d49fb3a2c1be87feb28588e160a70aa9c74a5a316
0,511,UKCHLL028,testing_set,PASS_AUTOMATED,data/extracted/curvas/testing_set/UKCHLL028/image.nii.gz,data/derived/curvas/pancreas_majority_vote/UKCHLL028.nii.gz,data/nnunet_raw/Dataset501_CURVASPancreasOOF/imagesTr/UKCHLL028_0000.nii.gz,data/nnunet_raw/Dataset501_CURVASPancreasOOF/labelsTr/UKCHLL028.nii.gz,data/nnunet_raw/Dataset511_CURVASPancreasOOF_Fold0/imagesTr/UKCHLL028_0000.nii.gz,data/nnunet_raw/Dataset511_CURVASPancreasOOF_Fold0/labelsTr/UKCHLL028.nii.gz,3fb47799d5732a4a61451eb10c14653ba70c4770098fcd32ce124c174d4436e5,4aa767421c98660e763532b8e0e4d135fb48dc195ea90903eca24d40e5821789,3660d71c9db5d7f407f3649d49fb3a2c1be87feb28588e160a70aa9c74a5a316
0,511,UKCHLL030,testing_set,PASS_AUTOMATED,data/extracted/curvas/testing_set/UKCHLL030/image.nii.gz,data/derived/curvas/pancreas_majority_vote/UKCHLL030.nii.gz,data/nnunet_raw/Dataset501_CURVASPancreasOOF/imagesTr/UKCHLL030_0000.nii.gz,data/nnunet_raw/Dataset501_CURVASPancreasOOF/labelsTr/UKCHLL030.nii.gz,data/nnunet_raw/Dataset511_CURVASPancreasOOF_Fold0/imagesTr/UKCHLL030_0000.nii.gz,data/nnunet_raw/Dataset511_CURVASPancreasOOF_Fold0/labelsTr/UKCHLL030.nii.gz,6ae2d38fb87382c76a8163d12526c2ad409596745ee1b80922b88069d856b9f8,55ce2ed66879c8ee6c74f05a760555ae938efeea3ec813986da502205f365308,3660d71c9db5d7f407f3649d49fb3a2c1be87feb28588e160a70aa9c74a5a316
0,511,UKCHLL031,training_set,PASS_AUTOMATED,data/extracted/curvas/training_set/UKCHLL031/image.nii.gz,data/derived/curvas/pancreas_majority_vote/UKCHLL031.nii.gz,data/nnunet_raw/Dataset501_CURVASPancreasOOF/imagesTr/UKCHLL031_0000.nii.gz,data/nnunet_raw/Dataset501_CURVASPancreasOOF/labelsTr/UKCHLL031.nii.gz,data/nnunet_raw/Dataset511_CURVASPancreasOOF_Fold0/imagesTr/UKCHLL031_0000.nii.gz,data/nnunet_raw/Dataset511_CURVASPancreasOOF_Fold0/labelsTr/UKCHLL031.nii.gz,4577acc8be895ee17f919cbc4212588b4cbeede1faa0912aa2683d0633a35e11,d1adc26fec7b81e668f552377dcd2dc24aa57f3d11aeed19a0c5074fcc7056ff,3660d71c9db5d7f407f3649d49fb3a2c1be87feb28588e160a70aa9c74a5a316
0,511,UKCHLL032,testing_set,PASS_AUTOMATED,data/extracted/curvas/testing_set/UKCHLL032/image.nii.gz,data/derived/curvas/pancreas_majority_vote/UKCHLL032.nii.gz,data/nnunet_raw/Dataset501_CURVASPancreasOOF/imagesTr/UKCHLL032_0000.nii.gz,data/nnunet_raw/Dataset501_CURVASPancreasOOF/labelsTr/UKCHLL032.nii.gz,data/nnunet_raw/Dataset511_CURVASPancreasOOF_Fold0/imagesTr/UKCHLL032_0000.nii.gz,data/nnunet_raw/Dataset511_CURVASPancreasOOF_Fold0/labelsTr/UKCHLL032.nii.gz,eb89043561ed2cf574d3c382c4373f07f9bb8497cda453dec98854969c776189,89efba7d4e0535e742cc39ac6f9be15d7264f9f11ff0d976a04d03d2268322ed,3660d71c9db5d7f407f3649d49fb3a2c1be87feb28588e160a70aa9c74a5a316
0,511,UKCHLL034,training_set,PASS_AUTOMATED,data/extracted/curvas/training_set/UKCHLL034/image.nii.gz,data/derived/curvas/pancreas_majority_vote/UKCHLL034.nii.gz,data/nnunet_raw/Dataset501_CURVASPancreasOOF/imagesTr/UKCHLL034_0000.nii.gz,data/nnunet_raw/Dataset501_CURVASPancreasOOF/labelsTr/UKCHLL034.nii.gz,data/nnunet_raw/Dataset511_CURVASPancreasOOF_Fold0/imagesTr/UKCHLL034_0000.nii.gz,data/nnunet_raw/Dataset511_CURVASPancreasOOF_Fold0/labelsTr/UKCHLL034.nii.gz,3365b638099e75fa63650b9b28bb8760aa5f14b658beab1b3e13f0b0c9f398ca,7ace59d93fb8a7d7f6319161a4ee10e9b9f98bb3ae9ac2d92ea3361e2332627b,3660d71c9db5d7f407f3649d49fb3a2c1be87feb28588e160a70aa9c74a5a316
0,511,UKCHLL035,training_set,PASS_AUTOMATED,data/extracted/curvas/training_set/UKCHLL035/image.nii.gz,data/derived/curvas/pancreas_majority_vote/UKCHLL035.nii.gz,data/nnunet_raw/Dataset501_CURVASPancreasOOF/imagesTr/UKCHLL035_0000.nii.gz,data/nnunet_raw/Dataset501_CURVASPancreasOOF/labelsTr/UKCHLL035.nii.gz,data/nnunet_raw/Dataset511_CURVASPancreasOOF_Fold0/imagesTr/UKCHLL035_0000.nii.gz,data/nnunet_raw/Dataset511_CURVASPancreasOOF_Fold0/labelsTr/UKCHLL035.nii.gz,dd5d573fd303c50c7b0ce91a1f24b847d7d89b0fdd44c69404690af9a2f2e152,7cefb320dc36155396a6ecbb708016abf46120e9274da3d681354fe8b5173840,3660d71c9db5d7f407f3649d49fb3a2c1be87feb28588e160a70aa9c74a5a316
0,511,UKCHLL038,training_set,PASS_AUTOMATED,data/extracted/curvas/training_set/UKCHLL038/image.nii.gz,data/derived/curvas/pancreas_majority_vote/UKCHLL038.nii.gz,data/nnunet_raw/Dataset501_CURVASPancreasOOF/imagesTr/UKCHLL038_0000.nii.gz,data/nnunet_raw/Dataset501_CURVASPancreasOOF/labelsTr/UKCHLL038.nii.gz,data/nnunet_raw/Dataset511_CURVASPancreasOOF_Fold0/imagesTr/UKCHLL038_0000.nii.gz,data/nnunet_raw/Dataset511_CURVASPancreasOOF_Fold0/labelsTr/UKCHLL038.nii.gz,c118a52e26e5c1bacb99d2c5ce566d6293c3eb5bda6c1759181bea5b7ce06c24,5609b9097f7c3c44d9acf186ba9d07b9db73036bcb399ab4f5f12048e5b953c5,3660d71c9db5d7f407f3649d49fb3a2c1be87feb28588e160a70aa9c74a5a316
0,511,UKCHLL041,training_set,PASS_AUTOMATED,data/extracted/curvas/training_set/UKCHLL041/image.nii.gz,data/derived/curvas/pancreas_majority_vote/UKCHLL041.nii.gz,data/nnunet_raw/Dataset501_CURVASPancreasOOF/imagesTr/UKCHLL041_0000.nii.gz,data/nnunet_raw/Dataset501_CURVASPancreasOOF/labelsTr/UKCHLL041.nii.gz,data/nnunet_raw/Dataset511_CURVASPancreasOOF_Fold0/imagesTr/UKCHLL041_0000.nii.gz,data/nnunet_raw/Dataset511_CURVASPancreasOOF_Fold0/labelsTr/UKCHLL041.nii.gz,0388e1421e99fca4fc03fff4bcf2c782ba81099a53bad7023d27cf27e6b6c7de,0b83b28ae6afeb4e796ed1f77a9c0942122da171fac96d21f0881317f442bca8,3660d71c9db5d7f407f3649d49fb3a2c1be87feb28588e160a70aa9c74a5a316
0,511,UKCHLL043,training_set,PASS_AUTOMATED,data/extracted/curvas/training_set/UKCHLL043/image.nii.gz,data/derived/curvas/pancreas_majority_vote/UKCHLL043.nii.gz,data/nnunet_raw/Dataset501_CURVASPancreasOOF/imagesTr/UKCHLL043_0000.nii.gz,data/nnunet_raw/Dataset501_CURVASPancreasOOF/labelsTr/UKCHLL043.nii.gz,data/nnunet_raw/Dataset511_CURVASPancreasOOF_Fold0/imagesTr/UKCHLL043_0000.nii.gz,data/nnunet_raw/Dataset511_CURVASPancreasOOF_Fold0/labelsTr/UKCHLL043.nii.gz,84cfa8557f3667ac6e81d0c5a0fdb59fecc833280bf3d7196f830bc9c73ff45f,f90bf877e2ed8e0229645f152af1938840597be4f2be4cc037237c742c037329,3660d71c9db5d7f407f3649d49fb3a2c1be87feb28588e160a70aa9c74a5a316
0,511,UKCHLL045,training_set,PASS_AUTOMATED,data/extracted/curvas/training_set/UKCHLL045/image.nii.gz,data/derived/curvas/pancreas_majority_vote/UKCHLL045.nii.gz,data/nnunet_raw/Dataset501_CURVASPancreasOOF/imagesTr/UKCHLL045_0000.nii.gz,data/nnunet_raw/Dataset501_CURVASPancreasOOF/labelsTr/UKCHLL045.nii.gz,data/nnunet_raw/Dataset511_CURVASPancreasOOF_Fold0/imagesTr/UKCHLL045_0000.nii.gz,data/nnunet_raw/Dataset511_CURVASPancreasOOF_Fold0/labelsTr/UKCHLL045.nii.gz,bbffb49b47355fb4d10c255cba5af43234a61728463de77932a357252aa3cc8d,a063462bdaf532f7b1477ec23d76514db4e2cd886cc8e705a965b104ddc6e565,3660d71c9db5d7f407f3649d49fb3a2c1be87feb28588e160a70aa9c74a5a316
0,511,UKCHLL049,validation_set,PASS_AUTOMATED,data/extracted/curvas/validation_set/UKCHLL049/image.nii.gz,data/derived/curvas/pancreas_majority_vote/UKCHLL049.nii.gz,data/nnunet_raw/Dataset501_CURVASPancreasOOF/imagesTr/UKCHLL049_0000.nii.gz,data/nnunet_raw/Dataset501_CURVASPancreasOOF/labelsTr/UKCHLL049.nii.gz,data/nnunet_raw/Dataset511_CURVASPancreasOOF_Fold0/imagesTr/UKCHLL049_0000.nii.gz,data/nnunet_raw/Dataset511_CURVASPancreasOOF_Fold0/labelsTr/UKCHLL049.nii.gz,6e7b025caa6b8234e626e7acf1ce1f5239aaad1bba2adb8d13dd52f9161fb9a5,83ab2827d21d948e3eceb73bac765fbc69838410a3f8aedd5580cda3111934a6,3660d71c9db5d7f407f3649d49fb3a2c1be87feb28588e160a70aa9c74a5a316
0,511,UKCHLL051,validation_set,PASS_AUTOMATED,data/extracted/curvas/validation_set/UKCHLL051/image.nii.gz,data/derived/curvas/pancreas_majority_vote/UKCHLL051.nii.gz,data/nnunet_raw/Dataset501_CURVASPancreasOOF/imagesTr/UKCHLL051_0000.nii.gz,data/nnunet_raw/Dataset501_CURVASPancreasOOF/labelsTr/UKCHLL051.nii.gz,data/nnunet_raw/Dataset511_CURVASPancreasOOF_Fold0/imagesTr/UKCHLL051_0000.nii.gz,data/nnunet_raw/Dataset511_CURVASPancreasOOF_Fold0/labelsTr/UKCHLL051.nii.gz,707fd4328bc221325de6816119b598c80caaa9dd249cc8c94fa2294c3f7fcc79,196b0a420ad07cf379cedecea236e5e7dd79ca09289dbeaa45ead7d09ba7818e,3660d71c9db5d7f407f3649d49fb3a2c1be87feb28588e160a70aa9c74a5a316
0,511,UKCHLL052,testing_set,PASS_AUTOMATED,data/extracted/curvas/testing_set/UKCHLL052/image.nii.gz,data/derived/curvas/pancreas_majority_vote/UKCHLL052.nii.gz,data/nnunet_raw/Dataset501_CURVASPancreasOOF/imagesTr/UKCHLL052_0000.nii.gz,data/nnunet_raw/Dataset501_CURVASPancreasOOF/labelsTr/UKCHLL052.nii.gz,data/nnunet_raw/Dataset511_CURVASPancreasOOF_Fold0/imagesTr/UKCHLL052_0000.nii.gz,data/nnunet_raw/Dataset511_CURVASPancreasOOF_Fold0/labelsTr/UKCHLL052.nii.gz,80d94af953c73fc57ca03a182a3277a80043e656b2ecaea2d0c2f6de4ddd1c94,43a1d750729f32dad0bf1b24d52d277c0a4865512eaf29c753a6fc91de7a83cd,3660d71c9db5d7f407f3649d49fb3a2c1be87feb28588e160a70aa9c74a5a316
0,511,UKCHLL055,testing_set,PASS_AUTOMATED,data/extracted/curvas/testing_set/UKCHLL055/image.nii.gz,data/derived/curvas/pancreas_majority_vote/UKCHLL055.nii.gz,data/nnunet_raw/Dataset501_CURVASPancreasOOF/imagesTr/UKCHLL055_0000.nii.gz,data/nnunet_raw/Dataset501_CURVASPancreasOOF/labelsTr/UKCHLL055.nii.gz,data/nnunet_raw/Dataset511_CURVASPancreasOOF_Fold0/imagesTr/UKCHLL055_0000.nii.gz,data/nnunet_raw/Dataset511_CURVASPancreasOOF_Fold0/labelsTr/UKCHLL055.nii.gz,2bb10677494eed7c2e8c3c5fd247850a2499d44247bbcaad99978808b5fe1103,39332bc4f1bf15b6d424cdb0bf05c9c02d02c1800102490fab39af0787fd6785,3660d71c9db5d7f407f3649d49fb3a2c1be87feb28588e160a70aa9c74a5a316
0,511,UKCHLL058,validation_set,PASS_AUTOMATED,data/extracted/curvas/validation_set/UKCHLL058/image.nii.gz,data/derived/curvas/pancreas_majority_vote/UKCHLL058.nii.gz,data/nnunet_raw/Dataset501_CURVASPancreasOOF/imagesTr/UKCHLL058_0000.nii.gz,data/nnunet_raw/Dataset501_CURVASPancreasOOF/labelsTr/UKCHLL058.nii.gz,data/nnunet_raw/Dataset511_CURVASPancreasOOF_Fold0/imagesTr/UKCHLL058_0000.nii.gz,data/nnunet_raw/Dataset511_CURVASPancreasOOF_Fold0/labelsTr/UKCHLL058.nii.gz,3e6e85b58fbe0b7ad0a9068435ce387e6ca469759e5a74303352ebda8e40bc9b,70a94f9fcc8221a166741084d21c1918ed060a251bd40dce5d9ecac6fb1fb3ab,3660d71c9db5d7f407f3649d49fb3a2c1be87feb28588e160a70aa9c74a5a316
0,511,UKCHLL062,testing_set,PASS_AUTOMATED,data/extracted/curvas/testing_set/UKCHLL062/image.nii.gz,data/derived/curvas/pancreas_majority_vote/UKCHLL062.nii.gz,data/nnunet_raw/Dataset501_CURVASPancreasOOF/imagesTr/UKCHLL062_0000.nii.gz,data/nnunet_raw/Dataset501_CURVASPancreasOOF/labelsTr/UKCHLL062.nii.gz,data/nnunet_raw/Dataset511_CURVASPancreasOOF_Fold0/imagesTr/UKCHLL062_0000.nii.gz,data/nnunet_raw/Dataset511_CURVASPancreasOOF_Fold0/labelsTr/UKCHLL062.nii.gz,e1ccd027d51c5cff5fae06abefaa60fae9506a53dca88abf8bcb8be1bcc60c2d,1c5a11fb254ed21d2ee9974e44feabe20c49cc15ed4056e4cfaa9f6a563d7be9,3660d71c9db5d7f407f3649d49fb3a2c1be87feb28588e160a70aa9c74a5a316
0,511,UKCHLL064,testing_set,PASS_AUTOMATED,data/extracted/curvas/testing_set/UKCHLL064/image.nii.gz,data/derived/curvas/pancreas_majority_vote/UKCHLL064.nii.gz,data/nnunet_raw/Dataset501_CURVASPancreasOOF/imagesTr/UKCHLL064_0000.nii.gz,data/nnunet_raw/Dataset501_CURVASPancreasOOF/labelsTr/UKCHLL064.nii.gz,data/nnunet_raw/Dataset511_CURVASPancreasOOF_Fold0/imagesTr/UKCHLL064_0000.nii.gz,data/nnunet_raw/Dataset511_CURVASPancreasOOF_Fold0/labelsTr/UKCHLL064.nii.gz,b3fe4e12e19081b66e1cdf34f0d6e46f26e8d56daf667091fea22d1bddcb794a,fc39c8804ccaf3a73295bbbbde2f75ba4603ab7bacd12fea7ea4a84fc3a7760f,3660d71c9db5d7f407f3649d49fb3a2c1be87feb28588e160a70aa9c74a5a316
0,511,UKCHLL066,testing_set,PASS_AUTOMATED,data/extracted/curvas/testing_set/UKCHLL066/image.nii.gz,data/derived/curvas/pancreas_majority_vote/UKCHLL066.nii.gz,data/nnunet_raw/Dataset501_CURVASPancreasOOF/imagesTr/UKCHLL066_0000.nii.gz,data/nnunet_raw/Dataset501_CURVASPancreasOOF/labelsTr/UKCHLL066.nii.gz,data/nnunet_raw/Dataset511_CURVASPancreasOOF_Fold0/imagesTr/UKCHLL066_0000.nii.gz,data/nnunet_raw/Dataset511_CURVASPancreasOOF_Fold0/labelsTr/UKCHLL066.nii.gz,1ba3f5f77ac48295bf1a9914c782fb7c904885312f9181658f2aa69b0ad5dc20,dad666452118a93254b1e48339c3e99f289094039a5803b6a2145f6e9d596762,3660d71c9db5d7f407f3649d49fb3a2c1be87feb28588e160a70aa9c74a5a316
0,511,UKCHLL070,testing_set,PASS_AUTOMATED,data/extracted/curvas/testing_set/UKCHLL070/image.nii.gz,data/derived/curvas/pancreas_majority_vote/UKCHLL070.nii.gz,data/nnunet_raw/Dataset501_CURVASPancreasOOF/imagesTr/UKCHLL070_0000.nii.gz,data/nnunet_raw/Dataset501_CURVASPancreasOOF/labelsTr/UKCHLL070.nii.gz,data/nnunet_raw/Dataset511_CURVASPancreasOOF_Fold0/imagesTr/UKCHLL070_0000.nii.gz,data/nnunet_raw/Dataset511_CURVASPancreasOOF_Fold0/labelsTr/UKCHLL070.nii.gz,6ccb45b483493d4c44b935fffdc1dcc76c564261f1a20fb4b1593baa3420b581,32479b67ba06a1dd8dff230ab690f6eb5eb12ff78c5243bb6a10420d01558477,3660d71c9db5d7f407f3649d49fb3a2c1be87feb28588e160a70aa9c74a5a316
0,511,UKCHLL073,testing_set,PASS_AUTOMATED,data/extracted/curvas/testing_set/UKCHLL073/image.nii.gz,data/derived/curvas/pancreas_majority_vote/UKCHLL073.nii.gz,data/nnunet_raw/Dataset501_CURVASPancreasOOF/imagesTr/UKCHLL073_0000.nii.gz,data/nnunet_raw/Dataset501_CURVASPancreasOOF/labelsTr/UKCHLL073.nii.gz,data/nnunet_raw/Dataset511_CURVASPancreasOOF_Fold0/imagesTr/UKCHLL073_0000.nii.gz,data/nnunet_raw/Dataset511_CURVASPancreasOOF_Fold0/labelsTr/UKCHLL073.nii.gz,ecdfa5eaa30c1e2c8f4d55e4d05ec803413d8dd011d858c83c2ab85b2bbcb2ee,b27c7cb27edc8021877a2064567997c86182a934b612045daa3df56a31c0f429,3660d71c9db5d7f407f3649d49fb3a2c1be87feb28588e160a70aa9c74a5a316
0,511,UKCHLL076,testing_set,PASS_AUTOMATED,data/extracted/curvas/testing_set/UKCHLL076/image.nii.gz,data/derived/curvas/pancreas_majority_vote/UKCHLL076.nii.gz,data/nnunet_raw/Dataset501_CURVASPancreasOOF/imagesTr/UKCHLL076_0000.nii.gz,data/nnunet_raw/Dataset501_CURVASPancreasOOF/labelsTr/UKCHLL076.nii.gz,data/nnunet_raw/Dataset511_CURVASPancreasOOF_Fold0/imagesTr/UKCHLL076_0000.nii.gz,data/nnunet_raw/Dataset511_CURVASPancreasOOF_Fold0/labelsTr/UKCHLL076.nii.gz,5c04d7c633f4d8f112b0c8117b4e45262cae81fdad00d873ec738903630f25ef,ba93426973b851191ed97350b7a1d366b7667a2151fc3bd01d0598eb5f6ffa9f,3660d71c9db5d7f407f3649d49fb3a2c1be87feb28588e160a70aa9c74a5a316
0,511,UKCHLL077,testing_set,PASS_AUTOMATED,data/extracted/curvas/testing_set/UKCHLL077/image.nii.gz,data/derived/curvas/pancreas_majority_vote/UKCHLL077.nii.gz,data/nnunet_raw/Dataset501_CURVASPancreasOOF/imagesTr/UKCHLL077_0000.nii.gz,data/nnunet_raw/Dataset501_CURVASPancreasOOF/labelsTr/UKCHLL077.nii.gz,data/nnunet_raw/Dataset511_CURVASPancreasOOF_Fold0/imagesTr/UKCHLL077_0000.nii.gz,data/nnunet_raw/Dataset511_CURVASPancreasOOF_Fold0/labelsTr/UKCHLL077.nii.gz,dd68840f64830dd02989d2f78b5f495f7d5ec6093775c450be302f6425182112,2f05a6f548419312953a2fb687b9dc921fb415f3dcef1500702d381be51d0912,3660d71c9db5d7f407f3649d49fb3a2c1be87feb28588e160a70aa9c74a5a316
0,511,UKCHLL078,testing_set,PASS_AUTOMATED,data/extracted/curvas/testing_set/UKCHLL078/image.nii.gz,data/derived/curvas/pancreas_majority_vote/UKCHLL078.nii.gz,data/nnunet_raw/Dataset501_CURVASPancreasOOF/imagesTr/UKCHLL078_0000.nii.gz,data/nnunet_raw/Dataset501_CURVASPancreasOOF/labelsTr/UKCHLL078.nii.gz,data/nnunet_raw/Dataset511_CURVASPancreasOOF_Fold0/imagesTr/UKCHLL078_0000.nii.gz,data/nnunet_raw/Dataset511_CURVASPancreasOOF_Fold0/labelsTr/UKCHLL078.nii.gz,d8b8ec16d3fc8fc498efa77759450ddb951991a4d3f014dd90b83e9c278398ba,fe73f898c3bf769fe2822beb4279acc58c4f8331a6bc7e8ae083db8de7aa5265,3660d71c9db5d7f407f3649d49fb3a2c1be87feb28588e160a70aa9c74a5a316
0,511,UKCHLL083,testing_set,PASS_AUTOMATED,data/extracted/curvas/testing_set/UKCHLL083/image.nii.gz,data/derived/curvas/pancreas_majority_vote/UKCHLL083.nii.gz,data/nnunet_raw/Dataset501_CURVASPancreasOOF/imagesTr/UKCHLL083_0000.nii.gz,data/nnunet_raw/Dataset501_CURVASPancreasOOF/labelsTr/UKCHLL083.nii.gz,data/nnunet_raw/Dataset511_CURVASPancreasOOF_Fold0/imagesTr/UKCHLL083_0000.nii.gz,data/nnunet_raw/Dataset511_CURVASPancreasOOF_Fold0/labelsTr/UKCHLL083.nii.gz,a97af6bec99cf8899a605e8ba8552f9c760609d9585a7d05fed56a6f1ad9f796,14f0de836eb4dd5d04d8f78bfeb4ada81d8731892c831ca633dd7b4ad64524f4,3660d71c9db5d7f407f3649d49fb3a2c1be87feb28588e160a70aa9c74a5a316
0,511,UKCHLL084,testing_set,PASS_AUTOMATED,data/extracted/curvas/testing_set/UKCHLL084/image.nii.gz,data/derived/curvas/pancreas_majority_vote/UKCHLL084.nii.gz,data/nnunet_raw/Dataset501_CURVASPancreasOOF/imagesTr/UKCHLL084_0000.nii.gz,data/nnunet_raw/Dataset501_CURVASPancreasOOF/labelsTr/UKCHLL084.nii.gz,data/nnunet_raw/Dataset511_CURVASPancreasOOF_Fold0/imagesTr/UKCHLL084_0000.nii.gz,data/nnunet_raw/Dataset511_CURVASPancreasOOF_Fold0/labelsTr/UKCHLL084.nii.gz,4889713911cea6d34819e34155cdaef330ea573fc85ba86add3366f11fa10dfd,4307b5f9e686351bcb8546dbe0cc6e970fc0a050324a241126003d5305964dd0,3660d71c9db5d7f407f3649d49fb3a2c1be87feb28588e160a70aa9c74a5a316
0,511,UKCHLL087,testing_set,PASS_AUTOMATED,data/extracted/curvas/testing_set/UKCHLL087/image.nii.gz,data/derived/curvas/pancreas_majority_vote/UKCHLL087.nii.gz,data/nnunet_raw/Dataset501_CURVASPancreasOOF/imagesTr/UKCHLL087_0000.nii.gz,data/nnunet_raw/Dataset501_CURVASPancreasOOF/labelsTr/UKCHLL087.nii.gz,data/nnunet_raw/Dataset511_CURVASPancreasOOF_Fold0/imagesTr/UKCHLL087_0000.nii.gz,data/nnunet_raw/Dataset511_CURVASPancreasOOF_Fold0/labelsTr/UKCHLL087.nii.gz,3c4ecc345604d4d2deffb2cacb7c451345ca58f549a0b9718708fdb174fae662,85a59fa85d6adfdba53d55b510f8107f5c54034708635d78cd4cf716524b142a,3660d71c9db5d7f407f3649d49fb3a2c1be87feb28588e160a70aa9c74a5a316
0,511,UKCHLL091,testing_set,PASS_AUTOMATED,data/extracted/curvas/testing_set/UKCHLL091/image.nii.gz,data/derived/curvas/pancreas_majority_vote/UKCHLL091.nii.gz,data/nnunet_raw/Dataset501_CURVASPancreasOOF/imagesTr/UKCHLL091_0000.nii.gz,data/nnunet_raw/Dataset501_CURVASPancreasOOF/labelsTr/UKCHLL091.nii.gz,data/nnunet_raw/Dataset511_CURVASPancreasOOF_Fold0/imagesTr/UKCHLL091_0000.nii.gz,data/nnunet_raw/Dataset511_CURVASPancreasOOF_Fold0/labelsTr/UKCHLL091.nii.gz,55a7459cdffe64a60a528f2a8f3d4709977d29a6303d39f6e27fc238411a9894,ee9512e2c5a7826106ec316d9f0013a9ebfa7dc9a211ffbd3df353e67b20197f,3660d71c9db5d7f407f3649d49fb3a2c1be87feb28588e160a70aa9c74a5a316
0,511,UKCHLL092,testing_set,PASS_AUTOMATED,data/extracted/curvas/testing_set/UKCHLL092/image.nii.gz,data/derived/curvas/pancreas_majority_vote/UKCHLL092.nii.gz,data/nnunet_raw/Dataset501_CURVASPancreasOOF/imagesTr/UKCHLL092_0000.nii.gz,data/nnunet_raw/Dataset501_CURVASPancreasOOF/labelsTr/UKCHLL092.nii.gz,data/nnunet_raw/Dataset511_CURVASPancreasOOF_Fold0/imagesTr/UKCHLL092_0000.nii.gz,data/nnunet_raw/Dataset511_CURVASPancreasOOF_Fold0/labelsTr/UKCHLL092.nii.gz,eb380603961a185ed3f1fd7fe9fb5418275cad3af5ffa5222e82c3991d9df081,bcc49386d1c9602a63ded9a2e2323d5ad03517dbb4010ba31b082ef414085bfc,3660d71c9db5d7f407f3649d49fb3a2c1be87feb28588e160a70aa9c74a5a316
0,511,UKCHLL094,testing_set,PASS_AUTOMATED,data/extracted/curvas/testing_set/UKCHLL094/image.nii.gz,data/derived/curvas/pancreas_majority_vote/UKCHLL094.nii.gz,data/nnunet_raw/Dataset501_CURVASPancreasOOF/imagesTr/UKCHLL094_0000.nii.gz,data/nnunet_raw/Dataset501_CURVASPancreasOOF/labelsTr/UKCHLL094.nii.gz,data/nnunet_raw/Dataset511_CURVASPancreasOOF_Fold0/imagesTr/UKCHLL094_0000.nii.gz,data/nnunet_raw/Dataset511_CURVASPancreasOOF_Fold0/labelsTr/UKCHLL094.nii.gz,0a342cf0b0090aa9b409fa4b2f413c41e20d6c5a4a30700a6cdf2c40447f729f,4bbed68dbf6a3fcf97eb402f3114590e3351d2497803dc2080d05b611007e999,3660d71c9db5d7f407f3649d49fb3a2c1be87feb28588e160a70aa9c74a5a316
0,511,UKCHLL095,testing_set,PASS_AUTOMATED,data/extracted/curvas/testing_set/UKCHLL095/image.nii.gz,data/derived/curvas/pancreas_majority_vote/UKCHLL095.nii.gz,data/nnunet_raw/Dataset501_CURVASPancreasOOF/imagesTr/UKCHLL095_0000.nii.gz,data/nnunet_raw/Dataset501_CURVASPancreasOOF/labelsTr/UKCHLL095.nii.gz,data/nnunet_raw/Dataset511_CURVASPancreasOOF_Fold0/imagesTr/UKCHLL095_0000.nii.gz,data/nnunet_raw/Dataset511_CURVASPancreasOOF_Fold0/labelsTr/UKCHLL095.nii.gz,571f5023ac2f8dc19fe5259b7cc3d3f5d8c3cdc613da58ffa7584c8df8a0ee85,e7026fdde2584f85bf777e9bca17c777cfb34114e72df249a7d25d519676c51b,3660d71c9db5d7f407f3649d49fb3a2c1be87feb28588e160a70aa9c74a5a316
0,511,UKCHLL099,testing_set,PASS_AUTOMATED,data/extracted/curvas/testing_set/UKCHLL099/image.nii.gz,data/derived/curvas/pancreas_majority_vote/UKCHLL099.nii.gz,data/nnunet_raw/Dataset501_CURVASPancreasOOF/imagesTr/UKCHLL099_0000.nii.gz,data/nnunet_raw/Dataset501_CURVASPancreasOOF/labelsTr/UKCHLL099.nii.gz,data/nnunet_raw/Dataset511_CURVASPancreasOOF_Fold0/imagesTr/UKCHLL099_0000.nii.gz,data/nnunet_raw/Dataset511_CURVASPancreasOOF_Fold0/labelsTr/UKCHLL099.nii.gz,03f6ceb8947ca402eba24178cc0ce886ce1eb4a1c15cf1665981f2e8c9511cd9,021023ba52a4e46262f40ce403bf1438a7f75ae1c81784d5b01b54516a7e13ea,3660d71c9db5d7f407f3649d49fb3a2c1be87feb28588e160a70aa9c74a5a316
0,511,UKCHLL102,testing_set,PASS_AUTOMATED,data/extracted/curvas/testing_set/UKCHLL102/image.nii.gz,data/derived/curvas/pancreas_majority_vote/UKCHLL102.nii.gz,data/nnunet_raw/Dataset501_CURVASPancreasOOF/imagesTr/UKCHLL102_0000.nii.gz,data/nnunet_raw/Dataset501_CURVASPancreasOOF/labelsTr/UKCHLL102.nii.gz,data/nnunet_raw/Dataset511_CURVASPancreasOOF_Fold0/imagesTr/UKCHLL102_0000.nii.gz,data/nnunet_raw/Dataset511_CURVASPancreasOOF_Fold0/labelsTr/UKCHLL102.nii.gz,e2c42cad4035e360f9feb726ce5579086b5e7da2f036036e19b58d94f9af2f20,97813a4c7f59fda9ed55d772b999c787f578651890fc40ea73eef88bd0b93f4e,3660d71c9db5d7f407f3649d49fb3a2c1be87feb28588e160a70aa9c74a5a316
0,511,UKCHLL103,testing_set,PASS_AUTOMATED,data/extracted/curvas/testing_set/UKCHLL103/image.nii.gz,data/derived/curvas/pancreas_majority_vote/UKCHLL103.nii.gz,data/nnunet_raw/Dataset501_CURVASPancreasOOF/imagesTr/UKCHLL103_0000.nii.gz,data/nnunet_raw/Dataset501_CURVASPancreasOOF/labelsTr/UKCHLL103.nii.gz,data/nnunet_raw/Dataset511_CURVASPancreasOOF_Fold0/imagesTr/UKCHLL103_0000.nii.gz,data/nnunet_raw/Dataset511_CURVASPancreasOOF_Fold0/labelsTr/UKCHLL103.nii.gz,40a29174875d4d43268b2431d0a2e09a9cdc8b962a319e495c98b5b713351bd5,1822fef3d7424d33304ce6977b3487f2abbf47a327ff96ff1a541d5c725cdf61,3660d71c9db5d7f407f3649d49fb3a2c1be87feb28588e160a70aa9c74a5a316
0,511,UKCHLL104,testing_set,PASS_AUTOMATED,data/extracted/curvas/testing_set/UKCHLL104/image.nii.gz,data/derived/curvas/pancreas_majority_vote/UKCHLL104.nii.gz,data/nnunet_raw/Dataset501_CURVASPancreasOOF/imagesTr/UKCHLL104_0000.nii.gz,data/nnunet_raw/Dataset501_CURVASPancreasOOF/labelsTr/UKCHLL104.nii.gz,data/nnunet_raw/Dataset511_CURVASPancreasOOF_Fold0/imagesTr/UKCHLL104_0000.nii.gz,data/nnunet_raw/Dataset511_CURVASPancreasOOF_Fold0/labelsTr/UKCHLL104.nii.gz,cff367f8334abac58118fad0e1499d271f3ad402e5e6906b37789f1d03e54fbe,425f6dab0d5431842364d653e5097a7acd4a5cebfb2ce168e9e2b741a216c0f4,3660d71c9db5d7f407f3649d49fb3a2c1be87feb28588e160a70aa9c74a5a316
0,511,UKCHLL105,testing_set,PASS_AUTOMATED,data/extracted/curvas/testing_set/UKCHLL105/image.nii.gz,data/derived/curvas/pancreas_majority_vote/UKCHLL105.nii.gz,data/nnunet_raw/Dataset501_CURVASPancreasOOF/imagesTr/UKCHLL105_0000.nii.gz,data/nnunet_raw/Dataset501_CURVASPancreasOOF/labelsTr/UKCHLL105.nii.gz,data/nnunet_raw/Dataset511_CURVASPancreasOOF_Fold0/imagesTr/UKCHLL105_0000.nii.gz,data/nnunet_raw/Dataset511_CURVASPancreasOOF_Fold0/labelsTr/UKCHLL105.nii.gz,c62d32f5d037366f8ea7d260c67643219f45afddbd9618e240c3937f413c53e8,fa60f05b410f958f2a837a9b0756a8edd32270d10b2a3fecbd949b042c8ae414,3660d71c9db5d7f407f3649d49fb3a2c1be87feb28588e160a70aa9c74a5a316
0,511,UKCHLL106,testing_set,PASS_AUTOMATED,data/extracted/curvas/testing_set/UKCHLL106/image.nii.gz,data/derived/curvas/pancreas_majority_vote/UKCHLL106.nii.gz,data/nnunet_raw/Dataset501_CURVASPancreasOOF/imagesTr/UKCHLL106_0000.nii.gz,data/nnunet_raw/Dataset501_CURVASPancreasOOF/labelsTr/UKCHLL106.nii.gz,data/nnunet_raw/Dataset511_CURVASPancreasOOF_Fold0/imagesTr/UKCHLL106_0000.nii.gz,data/nnunet_raw/Dataset511_CURVASPancreasOOF_Fold0/labelsTr/UKCHLL106.nii.gz,feecafd1efe6119395cb4f5d1353079744e5b11f37055c74aefac2e1090434dc,9d9d1afd3133c5c421853157cdd15360d7eac28c37ab71ed8351178791307d8c,3660d71c9db5d7f407f3649d49fb3a2c1be87feb28588e160a70aa9c74a5a316
0,511,UKCHLL107,testing_set,PASS_AUTOMATED,data/extracted/curvas/testing_set/UKCHLL107/image.nii.gz,data/derived/curvas/pancreas_majority_vote/UKCHLL107.nii.gz,data/nnunet_raw/Dataset501_CURVASPancreasOOF/imagesTr/UKCHLL107_0000.nii.gz,data/nnunet_raw/Dataset501_CURVASPancreasOOF/labelsTr/UKCHLL107.nii.gz,data/nnunet_raw/Dataset511_CURVASPancreasOOF_Fold0/imagesTr/UKCHLL107_0000.nii.gz,data/nnunet_raw/Dataset511_CURVASPancreasOOF_Fold0/labelsTr/UKCHLL107.nii.gz,aaec8a4a1af6812e43aa201644fa05b7f88094f42b2e4d3fae2903c59fa83d36,5f0a96d1d26752b5bbc5d3d76242db610639fcf9889b5269c9d437e2e594a98f,3660d71c9db5d7f407f3649d49fb3a2c1be87feb28588e160a70aa9c74a5a316
0,511,UKCHLL108,testing_set,PASS_AUTOMATED,data/extracted/curvas/testing_set/UKCHLL108/image.nii.gz,data/derived/curvas/pancreas_majority_vote/UKCHLL108.nii.gz,data/nnunet_raw/Dataset501_CURVASPancreasOOF/imagesTr/UKCHLL108_0000.nii.gz,data/nnunet_raw/Dataset501_CURVASPancreasOOF/labelsTr/UKCHLL108.nii.gz,data/nnunet_raw/Dataset511_CURVASPancreasOOF_Fold0/imagesTr/UKCHLL108_0000.nii.gz,data/nnunet_raw/Dataset511_CURVASPancreasOOF_Fold0/labelsTr/UKCHLL108.nii.gz,e044080cf71a45e1d0c6a98fd3515f8cdbaaf76e5a4b85ad90a28e056ed58254,c342387fadc9ddeee2183fdde3d861bc6656f3bc04ce6d822946f293bd28ed88,3660d71c9db5d7f407f3649d49fb3a2c1be87feb28588e160a70aa9c74a5a316
0,511,UKCHLL110,testing_set,PASS_AUTOMATED,data/extracted/curvas/testing_set/UKCHLL110/image.nii.gz,data/derived/curvas/pancreas_majority_vote/UKCHLL110.nii.gz,data/nnunet_raw/Dataset501_CURVASPancreasOOF/imagesTr/UKCHLL110_0000.nii.gz,data/nnunet_raw/Dataset501_CURVASPancreasOOF/labelsTr/UKCHLL110.nii.gz,data/nnunet_raw/Dataset511_CURVASPancreasOOF_Fold0/imagesTr/UKCHLL110_0000.nii.gz,data/nnunet_raw/Dataset511_CURVASPancreasOOF_Fold0/labelsTr/UKCHLL110.nii.gz,5807478bac38e850ecccabd543d93750e7f83f20d9e749f330f35cd2fb1391c6,396510674168025263f8a03c4f28f87105c99240e5349035b3805ff751a56d03,3660d71c9db5d7f407f3649d49fb3a2c1be87feb28588e160a70aa9c74a5a316
0,511,UKCHLL112,testing_set,PASS_AUTOMATED,data/extracted/curvas/testing_set/UKCHLL112/image.nii.gz,data/derived/curvas/pancreas_majority_vote/UKCHLL112.nii.gz,data/nnunet_raw/Dataset501_CURVASPancreasOOF/imagesTr/UKCHLL112_0000.nii.gz,data/nnunet_raw/Dataset501_CURVASPancreasOOF/labelsTr/UKCHLL112.nii.gz,data/nnunet_raw/Dataset511_CURVASPancreasOOF_Fold0/imagesTr/UKCHLL112_0000.nii.gz,data/nnunet_raw/Dataset511_CURVASPancreasOOF_Fold0/labelsTr/UKCHLL112.nii.gz,7aa1b274b8083ad693a3e916ed6529caa637210733b412ede5f944371ae81057,6f29e13b3974762d999c00426ae8a55d6e4923fdad8ae67d1cf4153cf736ae27,3660d71c9db5d7f407f3649d49fb3a2c1be87feb28588e160a70aa9c74a5a316
1,512,UKCHLL001,training_set,PASS_AUTOMATED,data/extracted/curvas/training_set/UKCHLL001/image.nii.gz,data/derived/curvas/pancreas_majority_vote/UKCHLL001.nii.gz,data/nnunet_raw/Dataset501_CURVASPancreasOOF/imagesTr/UKCHLL001_0000.nii.gz,data/nnunet_raw/Dataset501_CURVASPancreasOOF/labelsTr/UKCHLL001.nii.gz,data/nnunet_raw/Dataset512_CURVASPancreasOOF_Fold1/imagesTr/UKCHLL001_0000.nii.gz,data/nnunet_raw/Dataset512_CURVASPancreasOOF_Fold1/labelsTr/UKCHLL001.nii.gz,5cf3a1a3ce80d564bff404a1559f647d7986bf6235782e927d623ac1951d0b3a,5c752b2a65957c43ccf9c14277e734668fab8a89cb55bd95702907892d82f968,3660d71c9db5d7f407f3649d49fb3a2c1be87feb28588e160a70aa9c74a5a316
1,512,UKCHLL005,testing_set,PASS_AUTOMATED,data/extracted/curvas/testing_set/UKCHLL005/image.nii.gz,data/derived/curvas/pancreas_majority_vote/UKCHLL005.nii.gz,data/nnunet_raw/Dataset501_CURVASPancreasOOF/imagesTr/UKCHLL005_0000.nii.gz,data/nnunet_raw/Dataset501_CURVASPancreasOOF/labelsTr/UKCHLL005.nii.gz,data/nnunet_raw/Dataset512_CURVASPancreasOOF_Fold1/imagesTr/UKCHLL005_0000.nii.gz,data/nnunet_raw/Dataset512_CURVASPancreasOOF_Fold1/labelsTr/UKCHLL005.nii.gz,124dd4de87e3a88841a1fffb92a712c62d64040cba63bbf3fcdacf6bbe5e481f,03f09f760ca19c532f23ba406e7e7bc539dea19219fdfcf73988676f48b8d88b,3660d71c9db5d7f407f3649d49fb3a2c1be87feb28588e160a70aa9c74a5a316
1,512,UKCHLL007,testing_set,REVIEW_HEADER_MISMATCH,data/extracted/curvas/testing_set/UKCHLL007/image.nii.gz,data/derived/curvas/pancreas_majority_vote/UKCHLL007.nii.gz,data/nnunet_raw/Dataset501_CURVASPancreasOOF/imagesTr/UKCHLL007_0000.nii.gz,data/nnunet_raw/Dataset501_CURVASPancreasOOF/labelsTr/UKCHLL007.nii.gz,data/nnunet_raw/Dataset512_CURVASPancreasOOF_Fold1/imagesTr/UKCHLL007_0000.nii.gz,data/nnunet_raw/Dataset512_CURVASPancreasOOF_Fold1/labelsTr/UKCHLL007.nii.gz,1c0a4b8f0283565c309d237805f60e933502602a0d134df1d9edb5f7d9b1de4a,8fba096a7d60ef49c3e70895f619c67d13482afb8af933ff187a4d2480ebbcd9,3660d71c9db5d7f407f3649d49fb3a2c1be87feb28588e160a70aa9c74a5a316
1,512,UKCHLL008,testing_set,PASS_AUTOMATED,data/extracted/curvas/testing_set/UKCHLL008/image.nii.gz,data/derived/curvas/pancreas_majority_vote/UKCHLL008.nii.gz,data/nnunet_raw/Dataset501_CURVASPancreasOOF/imagesTr/UKCHLL008_0000.nii.gz,data/nnunet_raw/Dataset501_CURVASPancreasOOF/labelsTr/UKCHLL008.nii.gz,data/nnunet_raw/Dataset512_CURVASPancreasOOF_Fold1/imagesTr/UKCHLL008_0000.nii.gz,data/nnunet_raw/Dataset512_CURVASPancreasOOF_Fold1/labelsTr/UKCHLL008.nii.gz,eee9fed24a67f9627a5e5ed0fd553cd1fc5d8ebd929317194db477613d2a85c9,54128ffd4368835156c28e3832e545a1f92e443fbc78f1574245f8e25b3bfaeb,3660d71c9db5d7f407f3649d49fb3a2c1be87feb28588e160a70aa9c74a5a316
1,512,UKCHLL009,training_set,PASS_AUTOMATED,data/extracted/curvas/training_set/UKCHLL009/image.nii.gz,data/derived/curvas/pancreas_majority_vote/UKCHLL009.nii.gz,data/nnunet_raw/Dataset501_CURVASPancreasOOF/imagesTr/UKCHLL009_0000.nii.gz,data/nnunet_raw/Dataset501_CURVASPancreasOOF/labelsTr/UKCHLL009.nii.gz,data/nnunet_raw/Dataset512_CURVASPancreasOOF_Fold1/imagesTr/UKCHLL009_0000.nii.gz,data/nnunet_raw/Dataset512_CURVASPancreasOOF_Fold1/labelsTr/UKCHLL009.nii.gz,b4f9a74a5318990e10d7d682d4202f6171258eba389ac77dd31e3ab1e987cc2b,1d9028c6e78111188e34f917afb6edd8b8fa0c9816a603a716cdd8335e6a632d,3660d71c9db5d7f407f3649d49fb3a2c1be87feb28588e160a70aa9c74a5a316
1,512,UKCHLL018,testing_set,PASS_AUTOMATED,data/extracted/curvas/testing_set/UKCHLL018/image.nii.gz,data/derived/curvas/pancreas_majority_vote/UKCHLL018.nii.gz,data/nnunet_raw/Dataset501_CURVASPancreasOOF/imagesTr/UKCHLL018_0000.nii.gz,data/nnunet_raw/Dataset501_CURVASPancreasOOF/labelsTr/UKCHLL018.nii.gz,data/nnunet_raw/Dataset512_CURVASPancreasOOF_Fold1/imagesTr/UKCHLL018_0000.nii.gz,data/nnunet_raw/Dataset512_CURVASPancreasOOF_Fold1/labelsTr/UKCHLL018.nii.gz,df2a36655b0596f47ec827abd6b8648c7f66c7c54f6b71322a0231e1208562a5,5bbce1a1ad06501361e41c67012c1e41e6cda1425c377b9aec126fbef7bdd678,3660d71c9db5d7f407f3649d49fb3a2c1be87feb28588e160a70aa9c74a5a316
1,512,UKCHLL021,training_set,PASS_AUTOMATED,data/extracted/curvas/training_set/UKCHLL021/image.nii.gz,data/derived/curvas/pancreas_majority_vote/UKCHLL021.nii.gz,data/nnunet_raw/Dataset501_CURVASPancreasOOF/imagesTr/UKCHLL021_0000.nii.gz,data/nnunet_raw/Dataset501_CURVASPancreasOOF/labelsTr/UKCHLL021.nii.gz,data/nnunet_raw/Dataset512_CURVASPancreasOOF_Fold1/imagesTr/UKCHLL021_0000.nii.gz,data/nnunet_raw/Dataset512_CURVASPancreasOOF_Fold1/labelsTr/UKCHLL021.nii.gz,a9d0894c09d1cfa31756c3db1a6ce0e349d169fd0525d03ad358bf2a36f5d184,b3db9919d4db6d39269e3cb47b3a102804e7751cfbb4d4150a71c36af96f10c6,3660d71c9db5d7f407f3649d49fb3a2c1be87feb28588e160a70aa9c74a5a316
1,512,UKCHLL023,training_set,PASS_AUTOMATED,data/extracted/curvas/training_set/UKCHLL023/image.nii.gz,data/derived/curvas/pancreas_majority_vote/UKCHLL023.nii.gz,data/nnunet_raw/Dataset501_CURVASPancreasOOF/imagesTr/UKCHLL023_0000.nii.gz,data/nnunet_raw/Dataset501_CURVASPancreasOOF/labelsTr/UKCHLL023.nii.gz,data/nnunet_raw/Dataset512_CURVASPancreasOOF_Fold1/imagesTr/UKCHLL023_0000.nii.gz,data/nnunet_raw/Dataset512_CURVASPancreasOOF_Fold1/labelsTr/UKCHLL023.nii.gz,77b830d5314071aefc5dd5437aa81202de885915912b24f858e71778155cf81c,8e0eda47ed47ef81b31dd035336803279d02a9782a3ca40355944c43ea9c2fb6,3660d71c9db5d7f407f3649d49fb3a2c1be87feb28588e160a70aa9c74a5a316
1,512,UKCHLL025,testing_set,PASS_AUTOMATED,data/extracted/curvas/testing_set/UKCHLL025/image.nii.gz,data/derived/curvas/pancreas_majority_vote/UKCHLL025.nii.gz,data/nnunet_raw/Dataset501_CURVASPancreasOOF/imagesTr/UKCHLL025_0000.nii.gz,data/nnunet_raw/Dataset501_CURVASPancreasOOF/labelsTr/UKCHLL025.nii.gz,data/nnunet_raw/Dataset512_CURVASPancreasOOF_Fold1/imagesTr/UKCHLL025_0000.nii.gz,data/nnunet_raw/Dataset512_CURVASPancreasOOF_Fold1/labelsTr/UKCHLL025.nii.gz,58f5fa80cc7b90a4d33e2143f48534617cc67bc07c92cf37ebc98badcd1a08c9,40b403c443246f1d9eebdbd94fd860b1fd0b8d53e40ef8539e56653934e3dc23,3660d71c9db5d7f407f3649d49fb3a2c1be87feb28588e160a70aa9c74a5a316
1,512,UKCHLL026,testing_set,PASS_AUTOMATED,data/extracted/curvas/testing_set/UKCHLL026/image.nii.gz,data/derived/curvas/pancreas_majority_vote/UKCHLL026.nii.gz,data/nnunet_raw/Dataset501_CURVASPancreasOOF/imagesTr/UKCHLL026_0000.nii.gz,data/nnunet_raw/Dataset501_CURVASPancreasOOF/labelsTr/UKCHLL026.nii.gz,data/nnunet_raw/Dataset512_CURVASPancreasOOF_Fold1/imagesTr/UKCHLL026_0000.nii.gz,data/nnunet_raw/Dataset512_CURVASPancreasOOF_Fold1/labelsTr/UKCHLL026.nii.gz,b5207bbfd0e1463041c8f3bcfad60f9930ea7f3e05b9a213422b5206a09dfdf6,0986c42e137767f646209e035dbf2c725bc4bd9f9c7a98f4700174142c347f60,3660d71c9db5d7f407f3649d49fb3a2c1be87feb28588e160a70aa9c74a5a316
1,512,UKCHLL027,testing_set,PASS_AUTOMATED,data/extracted/curvas/testing_set/UKCHLL027/image.nii.gz,data/derived/curvas/pancreas_majority_vote/UKCHLL027.nii.gz,data/nnunet_raw/Dataset501_CURVASPancreasOOF/imagesTr/UKCHLL027_0000.nii.gz,data/nnunet_raw/Dataset501_CURVASPancreasOOF/labelsTr/UKCHLL027.nii.gz,data/nnunet_raw/Dataset512_CURVASPancreasOOF_Fold1/imagesTr/UKCHLL027_0000.nii.gz,data/nnunet_raw/Dataset512_CURVASPancreasOOF_Fold1/labelsTr/UKCHLL027.nii.gz,90df38d2e5dd0a6d2a6513b7f6427ce6c8b0c1c11a2b4a7e75e5f76756dabfd2,36b844a2a2de9ef0e89e0f0cc7087854e935b12c4a7a4d8f45ee8d61462fbd76,3660d71c9db5d7f407f3649d49fb3a2c1be87feb28588e160a70aa9c74a5a316
1,512,UKCHLL028,testing_set,PASS_AUTOMATED,data/extracted/curvas/testing_set/UKCHLL028/image.nii.gz,data/derived/curvas/pancreas_majority_vote/UKCHLL028.nii.gz,data/nnunet_raw/Dataset501_CURVASPancreasOOF/imagesTr/UKCHLL028_0000.nii.gz,data/nnunet_raw/Dataset501_CURVASPancreasOOF/labelsTr/UKCHLL028.nii.gz,data/nnunet_raw/Dataset512_CURVASPancreasOOF_Fold1/imagesTr/UKCHLL028_0000.nii.gz,data/nnunet_raw/Dataset512_CURVASPancreasOOF_Fold1/labelsTr/UKCHLL028.nii.gz,3fb47799d5732a4a61451eb10c14653ba70c4770098fcd32ce124c174d4436e5,4aa767421c98660e763532b8e0e4d135fb48dc195ea90903eca24d40e5821789,3660d71c9db5d7f407f3649d49fb3a2c1be87feb28588e160a70aa9c74a5a316
1,512,UKCHLL030,testing_set,PASS_AUTOMATED,data/extracted/curvas/testing_set/UKCHLL030/image.nii.gz,data/derived/curvas/pancreas_majority_vote/UKCHLL030.nii.gz,data/nnunet_raw/Dataset501_CURVASPancreasOOF/imagesTr/UKCHLL030_0000.nii.gz,data/nnunet_raw/Dataset501_CURVASPancreasOOF/labelsTr/UKCHLL030.nii.gz,data/nnunet_raw/Dataset512_CURVASPancreasOOF_Fold1/imagesTr/UKCHLL030_0000.nii.gz,data/nnunet_raw/Dataset512_CURVASPancreasOOF_Fold1/labelsTr/UKCHLL030.nii.gz,6ae2d38fb87382c76a8163d12526c2ad409596745ee1b80922b88069d856b9f8,55ce2ed66879c8ee6c74f05a760555ae938efeea3ec813986da502205f365308,3660d71c9db5d7f407f3649d49fb3a2c1be87feb28588e160a70aa9c74a5a316
1,512,UKCHLL031,training_set,PASS_AUTOMATED,data/extracted/curvas/training_set/UKCHLL031/image.nii.gz,data/derived/curvas/pancreas_majority_vote/UKCHLL031.nii.gz,data/nnunet_raw/Dataset501_CURVASPancreasOOF/imagesTr/UKCHLL031_0000.nii.gz,data/nnunet_raw/Dataset501_CURVASPancreasOOF/labelsTr/UKCHLL031.nii.gz,data/nnunet_raw/Dataset512_CURVASPancreasOOF_Fold1/imagesTr/UKCHLL031_0000.nii.gz,data/nnunet_raw/Dataset512_CURVASPancreasOOF_Fold1/labelsTr/UKCHLL031.nii.gz,4577acc8be895ee17f919cbc4212588b4cbeede1faa0912aa2683d0633a35e11,d1adc26fec7b81e668f552377dcd2dc24aa57f3d11aeed19a0c5074fcc7056ff,3660d71c9db5d7f407f3649d49fb3a2c1be87feb28588e160a70aa9c74a5a316
1,512,UKCHLL032,testing_set,PASS_AUTOMATED,data/extracted/curvas/testing_set/UKCHLL032/image.nii.gz,data/derived/curvas/pancreas_majority_vote/UKCHLL032.nii.gz,data/nnunet_raw/Dataset501_CURVASPancreasOOF/imagesTr/UKCHLL032_0000.nii.gz,data/nnunet_raw/Dataset501_CURVASPancreasOOF/labelsTr/UKCHLL032.nii.gz,data/nnunet_raw/Dataset512_CURVASPancreasOOF_Fold1/imagesTr/UKCHLL032_0000.nii.gz,data/nnunet_raw/Dataset512_CURVASPancreasOOF_Fold1/labelsTr/UKCHLL032.nii.gz,eb89043561ed2cf574d3c382c4373f07f9bb8497cda453dec98854969c776189,89efba7d4e0535e742cc39ac6f9be15d7264f9f11ff0d976a04d03d2268322ed,3660d71c9db5d7f407f3649d49fb3a2c1be87feb28588e160a70aa9c74a5a316
1,512,UKCHLL035,training_set,PASS_AUTOMATED,data/extracted/curvas/training_set/UKCHLL035/image.nii.gz,data/derived/curvas/pancreas_majority_vote/UKCHLL035.nii.gz,data/nnunet_raw/Dataset501_CURVASPancreasOOF/imagesTr/UKCHLL035_0000.nii.gz,data/nnunet_raw/Dataset501_CURVASPancreasOOF/labelsTr/UKCHLL035.nii.gz,data/nnunet_raw/Dataset512_CURVASPancreasOOF_Fold1/imagesTr/UKCHLL035_0000.nii.gz,data/nnunet_raw/Dataset512_CURVASPancreasOOF_Fold1/labelsTr/UKCHLL035.nii.gz,dd5d573fd303c50c7b0ce91a1f24b847d7d89b0fdd44c69404690af9a2f2e152,7cefb320dc36155396a6ecbb708016abf46120e9274da3d681354fe8b5173840,3660d71c9db5d7f407f3649d49fb3a2c1be87feb28588e160a70aa9c74a5a316
1,512,UKCHLL038,training_set,PASS_AUTOMATED,data/extracted/curvas/training_set/UKCHLL038/image.nii.gz,data/derived/curvas/pancreas_majority_vote/UKCHLL038.nii.gz,data/nnunet_raw/Dataset501_CURVASPancreasOOF/imagesTr/UKCHLL038_0000.nii.gz,data/nnunet_raw/Dataset501_CURVASPancreasOOF/labelsTr/UKCHLL038.nii.gz,data/nnunet_raw/Dataset512_CURVASPancreasOOF_Fold1/imagesTr/UKCHLL038_0000.nii.gz,data/nnunet_raw/Dataset512_CURVASPancreasOOF_Fold1/labelsTr/UKCHLL038.nii.gz,c118a52e26e5c1bacb99d2c5ce566d6293c3eb5bda6c1759181bea5b7ce06c24,5609b9097f7c3c44d9acf186ba9d07b9db73036bcb399ab4f5f12048e5b953c5,3660d71c9db5d7f407f3649d49fb3a2c1be87feb28588e160a70aa9c74a5a316
1,512,UKCHLL041,training_set,PASS_AUTOMATED,data/extracted/curvas/training_set/UKCHLL041/image.nii.gz,data/derived/curvas/pancreas_majority_vote/UKCHLL041.nii.gz,data/nnunet_raw/Dataset501_CURVASPancreasOOF/imagesTr/UKCHLL041_0000.nii.gz,data/nnunet_raw/Dataset501_CURVASPancreasOOF/labelsTr/UKCHLL041.nii.gz,data/nnunet_raw/Dataset512_CURVASPancreasOOF_Fold1/imagesTr/UKCHLL041_0000.nii.gz,data/nnunet_raw/Dataset512_CURVASPancreasOOF_Fold1/labelsTr/UKCHLL041.nii.gz,0388e1421e99fca4fc03fff4bcf2c782ba81099a53bad7023d27cf27e6b6c7de,0b83b28ae6afeb4e796ed1f77a9c0942122da171fac96d21f0881317f442bca8,3660d71c9db5d7f407f3649d49fb3a2c1be87feb28588e160a70aa9c74a5a316
1,512,UKCHLL042,training_set,PASS_AUTOMATED,data/extracted/curvas/training_set/UKCHLL042/image.nii.gz,data/derived/curvas/pancreas_majority_vote/UKCHLL042.nii.gz,data/nnunet_raw/Dataset501_CURVASPancreasOOF/imagesTr/UKCHLL042_0000.nii.gz,data/nnunet_raw/Dataset501_CURVASPancreasOOF/labelsTr/UKCHLL042.nii.gz,data/nnunet_raw/Dataset512_CURVASPancreasOOF_Fold1/imagesTr/UKCHLL042_0000.nii.gz,data/nnunet_raw/Dataset512_CURVASPancreasOOF_Fold1/labelsTr/UKCHLL042.nii.gz,302bfb5afb8a1c7d869634f1aaa8d13d8d1847e6005b93d5987876453358c656,601b3d9cd24ce5ed8fb9591b8643c4dc589fda6e4ec6b61fd3a1640fa47438f7,3660d71c9db5d7f407f3649d49fb3a2c1be87feb28588e160a70aa9c74a5a316
1,512,UKCHLL048,training_set,PASS_AUTOMATED,data/extracted/curvas/training_set/UKCHLL048/image.nii.gz,data/derived/curvas/pancreas_majority_vote/UKCHLL048.nii.gz,data/nnunet_raw/Dataset501_CURVASPancreasOOF/imagesTr/UKCHLL048_0000.nii.gz,data/nnunet_raw/Dataset501_CURVASPancreasOOF/labelsTr/UKCHLL048.nii.gz,data/nnunet_raw/Dataset512_CURVASPancreasOOF_Fold1/imagesTr/UKCHLL048_0000.nii.gz,data/nnunet_raw/Dataset512_CURVASPancreasOOF_Fold1/labelsTr/UKCHLL048.nii.gz,a76b0b794ce0f60edf0adc1afbff68b6e15a8d53bcf75218e165f66cf146d98a,60211d2a4012db87a42a520f9aa847c293edb7d11272642393f6970a549f94ae,3660d71c9db5d7f407f3649d49fb3a2c1be87feb28588e160a70aa9c74a5a316
1,512,UKCHLL049,validation_set,PASS_AUTOMATED,data/extracted/curvas/validation_set/UKCHLL049/image.nii.gz,data/derived/curvas/pancreas_majority_vote/UKCHLL049.nii.gz,data/nnunet_raw/Dataset501_CURVASPancreasOOF/imagesTr/UKCHLL049_0000.nii.gz,data/nnunet_raw/Dataset501_CURVASPancreasOOF/labelsTr/UKCHLL049.nii.gz,data/nnunet_raw/Dataset512_CURVASPancreasOOF_Fold1/imagesTr/UKCHLL049_0000.nii.gz,data/nnunet_raw/Dataset512_CURVASPancreasOOF_Fold1/labelsTr/UKCHLL049.nii.gz,6e7b025caa6b8234e626e7acf1ce1f5239aaad1bba2adb8d13dd52f9161fb9a5,83ab2827d21d948e3eceb73bac765fbc69838410a3f8aedd5580cda3111934a6,3660d71c9db5d7f407f3649d49fb3a2c1be87feb28588e160a70aa9c74a5a316
1,512,UKCHLL051,validation_set,PASS_AUTOMATED,data/extracted/curvas/validation_set/UKCHLL051/image.nii.gz,data/derived/curvas/pancreas_majority_vote/UKCHLL051.nii.gz,data/nnunet_raw/Dataset501_CURVASPancreasOOF/imagesTr/UKCHLL051_0000.nii.gz,data/nnunet_raw/Dataset501_CURVASPancreasOOF/labelsTr/UKCHLL051.nii.gz,data/nnunet_raw/Dataset512_CURVASPancreasOOF_Fold1/imagesTr/UKCHLL051_0000.nii.gz,data/nnunet_raw/Dataset512_CURVASPancreasOOF_Fold1/labelsTr/UKCHLL051.nii.gz,707fd4328bc221325de6816119b598c80caaa9dd249cc8c94fa2294c3f7fcc79,196b0a420ad07cf379cedecea236e5e7dd79ca09289dbeaa45ead7d09ba7818e,3660d71c9db5d7f407f3649d49fb3a2c1be87feb28588e160a70aa9c74a5a316
1,512,UKCHLL052,testing_set,PASS_AUTOMATED,data/extracted/curvas/testing_set/UKCHLL052/image.nii.gz,data/derived/curvas/pancreas_majority_vote/UKCHLL052.nii.gz,data/nnunet_raw/Dataset501_CURVASPancreasOOF/imagesTr/UKCHLL052_0000.nii.gz,data/nnunet_raw/Dataset501_CURVASPancreasOOF/labelsTr/UKCHLL052.nii.gz,data/nnunet_raw/Dataset512_CURVASPancreasOOF_Fold1/imagesTr/UKCHLL052_0000.nii.gz,data/nnunet_raw/Dataset512_CURVASPancreasOOF_Fold1/labelsTr/UKCHLL052.nii.gz,80d94af953c73fc57ca03a182a3277a80043e656b2ecaea2d0c2f6de4ddd1c94,43a1d750729f32dad0bf1b24d52d277c0a4865512eaf29c753a6fc91de7a83cd,3660d71c9db5d7f407f3649d49fb3a2c1be87feb28588e160a70aa9c74a5a316
1,512,UKCHLL055,testing_set,PASS_AUTOMATED,data/extracted/curvas/testing_set/UKCHLL055/image.nii.gz,data/derived/curvas/pancreas_majority_vote/UKCHLL055.nii.gz,data/nnunet_raw/Dataset501_CURVASPancreasOOF/imagesTr/UKCHLL055_0000.nii.gz,data/nnunet_raw/Dataset501_CURVASPancreasOOF/labelsTr/UKCHLL055.nii.gz,data/nnunet_raw/Dataset512_CURVASPancreasOOF_Fold1/imagesTr/UKCHLL055_0000.nii.gz,data/nnunet_raw/Dataset512_CURVASPancreasOOF_Fold1/labelsTr/UKCHLL055.nii.gz,2bb10677494eed7c2e8c3c5fd247850a2499d44247bbcaad99978808b5fe1103,39332bc4f1bf15b6d424cdb0bf05c9c02d02c1800102490fab39af0787fd6785,3660d71c9db5d7f407f3649d49fb3a2c1be87feb28588e160a70aa9c74a5a316
1,512,UKCHLL058,validation_set,PASS_AUTOMATED,data/extracted/curvas/validation_set/UKCHLL058/image.nii.gz,data/derived/curvas/pancreas_majority_vote/UKCHLL058.nii.gz,data/nnunet_raw/Dataset501_CURVASPancreasOOF/imagesTr/UKCHLL058_0000.nii.gz,data/nnunet_raw/Dataset501_CURVASPancreasOOF/labelsTr/UKCHLL058.nii.gz,data/nnunet_raw/Dataset512_CURVASPancreasOOF_Fold1/imagesTr/UKCHLL058_0000.nii.gz,data/nnunet_raw/Dataset512_CURVASPancreasOOF_Fold1/labelsTr/UKCHLL058.nii.gz,3e6e85b58fbe0b7ad0a9068435ce387e6ca469759e5a74303352ebda8e40bc9b,70a94f9fcc8221a166741084d21c1918ed060a251bd40dce5d9ecac6fb1fb3ab,3660d71c9db5d7f407f3649d49fb3a2c1be87feb28588e160a70aa9c74a5a316
1,512,UKCHLL062,testing_set,PASS_AUTOMATED,data/extracted/curvas/testing_set/UKCHLL062/image.nii.gz,data/derived/curvas/pancreas_majority_vote/UKCHLL062.nii.gz,data/nnunet_raw/Dataset501_CURVASPancreasOOF/imagesTr/UKCHLL062_0000.nii.gz,data/nnunet_raw/Dataset501_CURVASPancreasOOF/labelsTr/UKCHLL062.nii.gz,data/nnunet_raw/Dataset512_CURVASPancreasOOF_Fold1/imagesTr/UKCHLL062_0000.nii.gz,data/nnunet_raw/Dataset512_CURVASPancreasOOF_Fold1/labelsTr/UKCHLL062.nii.gz,e1ccd027d51c5cff5fae06abefaa60fae9506a53dca88abf8bcb8be1bcc60c2d,1c5a11fb254ed21d2ee9974e44feabe20c49cc15ed4056e4cfaa9f6a563d7be9,3660d71c9db5d7f407f3649d49fb3a2c1be87feb28588e160a70aa9c74a5a316
1,512,UKCHLL064,testing_set,PASS_AUTOMATED,data/extracted/curvas/testing_set/UKCHLL064/image.nii.gz,data/derived/curvas/pancreas_majority_vote/UKCHLL064.nii.gz,data/nnunet_raw/Dataset501_CURVASPancreasOOF/imagesTr/UKCHLL064_0000.nii.gz,data/nnunet_raw/Dataset501_CURVASPancreasOOF/labelsTr/UKCHLL064.nii.gz,data/nnunet_raw/Dataset512_CURVASPancreasOOF_Fold1/imagesTr/UKCHLL064_0000.nii.gz,data/nnunet_raw/Dataset512_CURVASPancreasOOF_Fold1/labelsTr/UKCHLL064.nii.gz,b3fe4e12e19081b66e1cdf34f0d6e46f26e8d56daf667091fea22d1bddcb794a,fc39c8804ccaf3a73295bbbbde2f75ba4603ab7bacd12fea7ea4a84fc3a7760f,3660d71c9db5d7f407f3649d49fb3a2c1be87feb28588e160a70aa9c74a5a316
1,512,UKCHLL066,testing_set,PASS_AUTOMATED,data/extracted/curvas/testing_set/UKCHLL066/image.nii.gz,data/derived/curvas/pancreas_majority_vote/UKCHLL066.nii.gz,data/nnunet_raw/Dataset501_CURVASPancreasOOF/imagesTr/UKCHLL066_0000.nii.gz,data/nnunet_raw/Dataset501_CURVASPancreasOOF/labelsTr/UKCHLL066.nii.gz,data/nnunet_raw/Dataset512_CURVASPancreasOOF_Fold1/imagesTr/UKCHLL066_0000.nii.gz,data/nnunet_raw/Dataset512_CURVASPancreasOOF_Fold1/labelsTr/UKCHLL066.nii.gz,1ba3f5f77ac48295bf1a9914c782fb7c904885312f9181658f2aa69b0ad5dc20,dad666452118a93254b1e48339c3e99f289094039a5803b6a2145f6e9d596762,3660d71c9db5d7f407f3649d49fb3a2c1be87feb28588e160a70aa9c74a5a316
1,512,UKCHLL067,testing_set,PASS_AUTOMATED,data/extracted/curvas/testing_set/UKCHLL067/image.nii.gz,data/derived/curvas/pancreas_majority_vote/UKCHLL067.nii.gz,data/nnunet_raw/Dataset501_CURVASPancreasOOF/imagesTr/UKCHLL067_0000.nii.gz,data/nnunet_raw/Dataset501_CURVASPancreasOOF/labelsTr/UKCHLL067.nii.gz,data/nnunet_raw/Dataset512_CURVASPancreasOOF_Fold1/imagesTr/UKCHLL067_0000.nii.gz,data/nnunet_raw/Dataset512_CURVASPancreasOOF_Fold1/labelsTr/UKCHLL067.nii.gz,37874adae69f5111faed1655edc8a3588e94f78a17215aaf7b9a1554efbda72e,69163cdafa67c0d01356da25cc6f12b97f309dd2260b3b69dfaf7fb3c91f0b93,3660d71c9db5d7f407f3649d49fb3a2c1be87feb28588e160a70aa9c74a5a316
1,512,UKCHLL069,testing_set,PASS_AUTOMATED,data/extracted/curvas/testing_set/UKCHLL069/image.nii.gz,data/derived/curvas/pancreas_majority_vote/UKCHLL069.nii.gz,data/nnunet_raw/Dataset501_CURVASPancreasOOF/imagesTr/UKCHLL069_0000.nii.gz,data/nnunet_raw/Dataset501_CURVASPancreasOOF/labelsTr/UKCHLL069.nii.gz,data/nnunet_raw/Dataset512_CURVASPancreasOOF_Fold1/imagesTr/UKCHLL069_0000.nii.gz,data/nnunet_raw/Dataset512_CURVASPancreasOOF_Fold1/labelsTr/UKCHLL069.nii.gz,a0be44c7feb1bdef8cdfec39a6b5b43eaa3d0437a231ad10ab888267e05a6019,202fe277e6b62589a862b64d0c9c4fedcf1f4162da47f1df2035042c9b1cce80,3660d71c9db5d7f407f3649d49fb3a2c1be87feb28588e160a70aa9c74a5a316
1,512,UKCHLL077,testing_set,PASS_AUTOMATED,data/extracted/curvas/testing_set/UKCHLL077/image.nii.gz,data/derived/curvas/pancreas_majority_vote/UKCHLL077.nii.gz,data/nnunet_raw/Dataset501_CURVASPancreasOOF/imagesTr/UKCHLL077_0000.nii.gz,data/nnunet_raw/Dataset501_CURVASPancreasOOF/labelsTr/UKCHLL077.nii.gz,data/nnunet_raw/Dataset512_CURVASPancreasOOF_Fold1/imagesTr/UKCHLL077_0000.nii.gz,data/nnunet_raw/Dataset512_CURVASPancreasOOF_Fold1/labelsTr/UKCHLL077.nii.gz,dd68840f64830dd02989d2f78b5f495f7d5ec6093775c450be302f6425182112,2f05a6f548419312953a2fb687b9dc921fb415f3dcef1500702d381be51d0912,3660d71c9db5d7f407f3649d49fb3a2c1be87feb28588e160a70aa9c74a5a316
1,512,UKCHLL078,testing_set,PASS_AUTOMATED,data/extracted/curvas/testing_set/UKCHLL078/image.nii.gz,data/derived/curvas/pancreas_majority_vote/UKCHLL078.nii.gz,data/nnunet_raw/Dataset501_CURVASPancreasOOF/imagesTr/UKCHLL078_0000.nii.gz,data/nnunet_raw/Dataset501_CURVASPancreasOOF/labelsTr/UKCHLL078.nii.gz,data/nnunet_raw/Dataset512_CURVASPancreasOOF_Fold1/imagesTr/UKCHLL078_0000.nii.gz,data/nnunet_raw/Dataset512_CURVASPancreasOOF_Fold1/labelsTr/UKCHLL078.nii.gz,d8b8ec16d3fc8fc498efa77759450ddb951991a4d3f014dd90b83e9c278398ba,fe73f898c3bf769fe2822beb4279acc58c4f8331a6bc7e8ae083db8de7aa5265,3660d71c9db5d7f407f3649d49fb3a2c1be87feb28588e160a70aa9c74a5a316
1,512,UKCHLL083,testing_set,PASS_AUTOMATED,data/extracted/curvas/testing_set/UKCHLL083/image.nii.gz,data/derived/curvas/pancreas_majority_vote/UKCHLL083.nii.gz,data/nnunet_raw/Dataset501_CURVASPancreasOOF/imagesTr/UKCHLL083_0000.nii.gz,data/nnunet_raw/Dataset501_CURVASPancreasOOF/labelsTr/UKCHLL083.nii.gz,data/nnunet_raw/Dataset512_CURVASPancreasOOF_Fold1/imagesTr/UKCHLL083_0000.nii.gz,data/nnunet_raw/Dataset512_CURVASPancreasOOF_Fold1/labelsTr/UKCHLL083.nii.gz,a97af6bec99cf8899a605e8ba8552f9c760609d9585a7d05fed56a6f1ad9f796,14f0de836eb4dd5d04d8f78bfeb4ada81d8731892c831ca633dd7b4ad64524f4,3660d71c9db5d7f407f3649d49fb3a2c1be87feb28588e160a70aa9c74a5a316
1,512,UKCHLL084,testing_set,PASS_AUTOMATED,data/extracted/curvas/testing_set/UKCHLL084/image.nii.gz,data/derived/curvas/pancreas_majority_vote/UKCHLL084.nii.gz,data/nnunet_raw/Dataset501_CURVASPancreasOOF/imagesTr/UKCHLL084_0000.nii.gz,data/nnunet_raw/Dataset501_CURVASPancreasOOF/labelsTr/UKCHLL084.nii.gz,data/nnunet_raw/Dataset512_CURVASPancreasOOF_Fold1/imagesTr/UKCHLL084_0000.nii.gz,data/nnunet_raw/Dataset512_CURVASPancreasOOF_Fold1/labelsTr/UKCHLL084.nii.gz,4889713911cea6d34819e34155cdaef330ea573fc85ba86add3366f11fa10dfd,4307b5f9e686351bcb8546dbe0cc6e970fc0a050324a241126003d5305964dd0,3660d71c9db5d7f407f3649d49fb3a2c1be87feb28588e160a70aa9c74a5a316
1,512,UKCHLL087,testing_set,PASS_AUTOMATED,data/extracted/curvas/testing_set/UKCHLL087/image.nii.gz,data/derived/curvas/pancreas_majority_vote/UKCHLL087.nii.gz,data/nnunet_raw/Dataset501_CURVASPancreasOOF/imagesTr/UKCHLL087_0000.nii.gz,data/nnunet_raw/Dataset501_CURVASPancreasOOF/labelsTr/UKCHLL087.nii.gz,data/nnunet_raw/Dataset512_CURVASPancreasOOF_Fold1/imagesTr/UKCHLL087_0000.nii.gz,data/nnunet_raw/Dataset512_CURVASPancreasOOF_Fold1/labelsTr/UKCHLL087.nii.gz,3c4ecc345604d4d2deffb2cacb7c451345ca58f549a0b9718708fdb174fae662,85a59fa85d6adfdba53d55b510f8107f5c54034708635d78cd4cf716524b142a,3660d71c9db5d7f407f3649d49fb3a2c1be87feb28588e160a70aa9c74a5a316
1,512,UKCHLL089,testing_set,PASS_AUTOMATED,data/extracted/curvas/testing_set/UKCHLL089/image.nii.gz,data/derived/curvas/pancreas_majority_vote/UKCHLL089.nii.gz,data/nnunet_raw/Dataset501_CURVASPancreasOOF/imagesTr/UKCHLL089_0000.nii.gz,data/nnunet_raw/Dataset501_CURVASPancreasOOF/labelsTr/UKCHLL089.nii.gz,data/nnunet_raw/Dataset512_CURVASPancreasOOF_Fold1/imagesTr/UKCHLL089_0000.nii.gz,data/nnunet_raw/Dataset512_CURVASPancreasOOF_Fold1/labelsTr/UKCHLL089.nii.gz,394bb9456ec891f078a099b108c0f87f5384ee3fcfbfa86ed5b59d3c58c3872f,bb8faec771c0775272a548e6b54bb830e8fd1939dbdeb50e4aa92b80e0c4d376,3660d71c9db5d7f407f3649d49fb3a2c1be87feb28588e160a70aa9c74a5a316
1,512,UKCHLL092,testing_set,PASS_AUTOMATED,data/extracted/curvas/testing_set/UKCHLL092/image.nii.gz,data/derived/curvas/pancreas_majority_vote/UKCHLL092.nii.gz,data/nnunet_raw/Dataset501_CURVASPancreasOOF/imagesTr/UKCHLL092_0000.nii.gz,data/nnunet_raw/Dataset501_CURVASPancreasOOF/labelsTr/UKCHLL092.nii.gz,data/nnunet_raw/Dataset512_CURVASPancreasOOF_Fold1/imagesTr/UKCHLL092_0000.nii.gz,data/nnunet_raw/Dataset512_CURVASPancreasOOF_Fold1/labelsTr/UKCHLL092.nii.gz,eb380603961a185ed3f1fd7fe9fb5418275cad3af5ffa5222e82c3991d9df081,bcc49386d1c9602a63ded9a2e2323d5ad03517dbb4010ba31b082ef414085bfc,3660d71c9db5d7f407f3649d49fb3a2c1be87feb28588e160a70aa9c74a5a316
1,512,UKCHLL094,testing_set,PASS_AUTOMATED,data/extracted/curvas/testing_set/UKCHLL094/image.nii.gz,data/derived/curvas/pancreas_majority_vote/UKCHLL094.nii.gz,data/nnunet_raw/Dataset501_CURVASPancreasOOF/imagesTr/UKCHLL094_0000.nii.gz,data/nnunet_raw/Dataset501_CURVASPancreasOOF/labelsTr/UKCHLL094.nii.gz,data/nnunet_raw/Dataset512_CURVASPancreasOOF_Fold1/imagesTr/UKCHLL094_0000.nii.gz,data/nnunet_raw/Dataset512_CURVASPancreasOOF_Fold1/labelsTr/UKCHLL094.nii.gz,0a342cf0b0090aa9b409fa4b2f413c41e20d6c5a4a30700a6cdf2c40447f729f,4bbed68dbf6a3fcf97eb402f3114590e3351d2497803dc2080d05b611007e999,3660d71c9db5d7f407f3649d49fb3a2c1be87feb28588e160a70aa9c74a5a316
1,512,UKCHLL096,testing_set,PASS_AUTOMATED,data/extracted/curvas/testing_set/UKCHLL096/image.nii.gz,data/derived/curvas/pancreas_majority_vote/UKCHLL096.nii.gz,data/nnunet_raw/Dataset501_CURVASPancreasOOF/imagesTr/UKCHLL096_0000.nii.gz,data/nnunet_raw/Dataset501_CURVASPancreasOOF/labelsTr/UKCHLL096.nii.gz,data/nnunet_raw/Dataset512_CURVASPancreasOOF_Fold1/imagesTr/UKCHLL096_0000.nii.gz,data/nnunet_raw/Dataset512_CURVASPancreasOOF_Fold1/labelsTr/UKCHLL096.nii.gz,ba9dcf852165f473b17efe1f31ae0e5f3bf5a310989116126415b7456561d070,5f1317fb4589ac4cd94f046ab6d9b450029915b61f37974328a51522ee6ce809,3660d71c9db5d7f407f3649d49fb3a2c1be87feb28588e160a70aa9c74a5a316
1,512,UKCHLL102,testing_set,PASS_AUTOMATED,data/extracted/curvas/testing_set/UKCHLL102/image.nii.gz,data/derived/curvas/pancreas_majority_vote/UKCHLL102.nii.gz,data/nnunet_raw/Dataset501_CURVASPancreasOOF/imagesTr/UKCHLL102_0000.nii.gz,data/nnunet_raw/Dataset501_CURVASPancreasOOF/labelsTr/UKCHLL102.nii.gz,data/nnunet_raw/Dataset512_CURVASPancreasOOF_Fold1/imagesTr/UKCHLL102_0000.nii.gz,data/nnunet_raw/Dataset512_CURVASPancreasOOF_Fold1/labelsTr/UKCHLL102.nii.gz,e2c42cad4035e360f9feb726ce5579086b5e7da2f036036e19b58d94f9af2f20,97813a4c7f59fda9ed55d772b999c787f578651890fc40ea73eef88bd0b93f4e,3660d71c9db5d7f407f3649d49fb3a2c1be87feb28588e160a70aa9c74a5a316
1,512,UKCHLL104,testing_set,PASS_AUTOMATED,data/extracted/curvas/testing_set/UKCHLL104/image.nii.gz,data/derived/curvas/pancreas_majority_vote/UKCHLL104.nii.gz,data/nnunet_raw/Dataset501_CURVASPancreasOOF/imagesTr/UKCHLL104_0000.nii.gz,data/nnunet_raw/Dataset501_CURVASPancreasOOF/labelsTr/UKCHLL104.nii.gz,data/nnunet_raw/Dataset512_CURVASPancreasOOF_Fold1/imagesTr/UKCHLL104_0000.nii.gz,data/nnunet_raw/Dataset512_CURVASPancreasOOF_Fold1/labelsTr/UKCHLL104.nii.gz,cff367f8334abac58118fad0e1499d271f3ad402e5e6906b37789f1d03e54fbe,425f6dab0d5431842364d653e5097a7acd4a5cebfb2ce168e9e2b741a216c0f4,3660d71c9db5d7f407f3649d49fb3a2c1be87feb28588e160a70aa9c74a5a316
1,512,UKCHLL106,testing_set,PASS_AUTOMATED,data/extracted/curvas/testing_set/UKCHLL106/image.nii.gz,data/derived/curvas/pancreas_majority_vote/UKCHLL106.nii.gz,data/nnunet_raw/Dataset501_CURVASPancreasOOF/imagesTr/UKCHLL106_0000.nii.gz,data/nnunet_raw/Dataset501_CURVASPancreasOOF/labelsTr/UKCHLL106.nii.gz,data/nnunet_raw/Dataset512_CURVASPancreasOOF_Fold1/imagesTr/UKCHLL106_0000.nii.gz,data/nnunet_raw/Dataset512_CURVASPancreasOOF_Fold1/labelsTr/UKCHLL106.nii.gz,feecafd1efe6119395cb4f5d1353079744e5b11f37055c74aefac2e1090434dc,9d9d1afd3133c5c421853157cdd15360d7eac28c37ab71ed8351178791307d8c,3660d71c9db5d7f407f3649d49fb3a2c1be87feb28588e160a70aa9c74a5a316
1,512,UKCHLL107,testing_set,PASS_AUTOMATED,data/extracted/curvas/testing_set/UKCHLL107/image.nii.gz,data/derived/curvas/pancreas_majority_vote/UKCHLL107.nii.gz,data/nnunet_raw/Dataset501_CURVASPancreasOOF/imagesTr/UKCHLL107_0000.nii.gz,data/nnunet_raw/Dataset501_CURVASPancreasOOF/labelsTr/UKCHLL107.nii.gz,data/nnunet_raw/Dataset512_CURVASPancreasOOF_Fold1/imagesTr/UKCHLL107_0000.nii.gz,data/nnunet_raw/Dataset512_CURVASPancreasOOF_Fold1/labelsTr/UKCHLL107.nii.gz,aaec8a4a1af6812e43aa201644fa05b7f88094f42b2e4d3fae2903c59fa83d36,5f0a96d1d26752b5bbc5d3d76242db610639fcf9889b5269c9d437e2e594a98f,3660d71c9db5d7f407f3649d49fb3a2c1be87feb28588e160a70aa9c74a5a316
1,512,UKCHLL108,testing_set,PASS_AUTOMATED,data/extracted/curvas/testing_set/UKCHLL108/image.nii.gz,data/derived/curvas/pancreas_majority_vote/UKCHLL108.nii.gz,data/nnunet_raw/Dataset501_CURVASPancreasOOF/imagesTr/UKCHLL108_0000.nii.gz,data/nnunet_raw/Dataset501_CURVASPancreasOOF/labelsTr/UKCHLL108.nii.gz,data/nnunet_raw/Dataset512_CURVASPancreasOOF_Fold1/imagesTr/UKCHLL108_0000.nii.gz,data/nnunet_raw/Dataset512_CURVASPancreasOOF_Fold1/labelsTr/UKCHLL108.nii.gz,e044080cf71a45e1d0c6a98fd3515f8cdbaaf76e5a4b85ad90a28e056ed58254,c342387fadc9ddeee2183fdde3d861bc6656f3bc04ce6d822946f293bd28ed88,3660d71c9db5d7f407f3649d49fb3a2c1be87feb28588e160a70aa9c74a5a316
1,512,UKCHLL110,testing_set,PASS_AUTOMATED,data/extracted/curvas/testing_set/UKCHLL110/image.nii.gz,data/derived/curvas/pancreas_majority_vote/UKCHLL110.nii.gz,data/nnunet_raw/Dataset501_CURVASPancreasOOF/imagesTr/UKCHLL110_0000.nii.gz,data/nnunet_raw/Dataset501_CURVASPancreasOOF/labelsTr/UKCHLL110.nii.gz,data/nnunet_raw/Dataset512_CURVASPancreasOOF_Fold1/imagesTr/UKCHLL110_0000.nii.gz,data/nnunet_raw/Dataset512_CURVASPancreasOOF_Fold1/labelsTr/UKCHLL110.nii.gz,5807478bac38e850ecccabd543d93750e7f83f20d9e749f330f35cd2fb1391c6,396510674168025263f8a03c4f28f87105c99240e5349035b3805ff751a56d03,3660d71c9db5d7f407f3649d49fb3a2c1be87feb28588e160a70aa9c74a5a316
1,512,UKCHLL111,testing_set,PASS_AUTOMATED,data/extracted/curvas/testing_set/UKCHLL111/image.nii.gz,data/derived/curvas/pancreas_majority_vote/UKCHLL111.nii.gz,data/nnunet_raw/Dataset501_CURVASPancreasOOF/imagesTr/UKCHLL111_0000.nii.gz,data/nnunet_raw/Dataset501_CURVASPancreasOOF/labelsTr/UKCHLL111.nii.gz,data/nnunet_raw/Dataset512_CURVASPancreasOOF_Fold1/imagesTr/UKCHLL111_0000.nii.gz,data/nnunet_raw/Dataset512_CURVASPancreasOOF_Fold1/labelsTr/UKCHLL111.nii.gz,97b23256e89961ef89236116826dc92cf16972a77d4bd7dfab3e72aebfd5ef9c,a7bdcb6aa87e4f9486efa45fa685ee864a239316d0dc3959ba952eab74c8af1a,3660d71c9db5d7f407f3649d49fb3a2c1be87feb28588e160a70aa9c74a5a316
1,512,UKCHLL112,testing_set,PASS_AUTOMATED,data/extracted/curvas/testing_set/UKCHLL112/image.nii.gz,data/derived/curvas/pancreas_majority_vote/UKCHLL112.nii.gz,data/nnunet_raw/Dataset501_CURVASPancreasOOF/imagesTr/UKCHLL112_0000.nii.gz,data/nnunet_raw/Dataset501_CURVASPancreasOOF/labelsTr/UKCHLL112.nii.gz,data/nnunet_raw/Dataset512_CURVASPancreasOOF_Fold1/imagesTr/UKCHLL112_0000.nii.gz,data/nnunet_raw/Dataset512_CURVASPancreasOOF_Fold1/labelsTr/UKCHLL112.nii.gz,7aa1b274b8083ad693a3e916ed6529caa637210733b412ede5f944371ae81057,6f29e13b3974762d999c00426ae8a55d6e4923fdad8ae67d1cf4153cf736ae27,3660d71c9db5d7f407f3649d49fb3a2c1be87feb28588e160a70aa9c74a5a316
1,512,UKCHLL113,testing_set,PASS_AUTOMATED,data/extracted/curvas/testing_set/UKCHLL113/image.nii.gz,data/derived/curvas/pancreas_majority_vote/UKCHLL113.nii.gz,data/nnunet_raw/Dataset501_CURVASPancreasOOF/imagesTr/UKCHLL113_0000.nii.gz,data/nnunet_raw/Dataset501_CURVASPancreasOOF/labelsTr/UKCHLL113.nii.gz,data/nnunet_raw/Dataset512_CURVASPancreasOOF_Fold1/imagesTr/UKCHLL113_0000.nii.gz,data/nnunet_raw/Dataset512_CURVASPancreasOOF_Fold1/labelsTr/UKCHLL113.nii.gz,ee837b2c4e3020daf390ae663f6fb8a135e456d576f99a1af0af03e24e099a37,f3f1c3b4c9b051bbe8418ee5fb430e9da4473b1dbf386088d94318a4308179dc,3660d71c9db5d7f407f3649d49fb3a2c1be87feb28588e160a70aa9c74a5a316
2,513,UKCHLL001,training_set,PASS_AUTOMATED,data/extracted/curvas/training_set/UKCHLL001/image.nii.gz,data/derived/curvas/pancreas_majority_vote/UKCHLL001.nii.gz,data/nnunet_raw/Dataset501_CURVASPancreasOOF/imagesTr/UKCHLL001_0000.nii.gz,data/nnunet_raw/Dataset501_CURVASPancreasOOF/labelsTr/UKCHLL001.nii.gz,data/nnunet_raw/Dataset513_CURVASPancreasOOF_Fold2/imagesTr/UKCHLL001_0000.nii.gz,data/nnunet_raw/Dataset513_CURVASPancreasOOF_Fold2/labelsTr/UKCHLL001.nii.gz,5cf3a1a3ce80d564bff404a1559f647d7986bf6235782e927d623ac1951d0b3a,5c752b2a65957c43ccf9c14277e734668fab8a89cb55bd95702907892d82f968,3660d71c9db5d7f407f3649d49fb3a2c1be87feb28588e160a70aa9c74a5a316
2,513,UKCHLL005,testing_set,PASS_AUTOMATED,data/extracted/curvas/testing_set/UKCHLL005/image.nii.gz,data/derived/curvas/pancreas_majority_vote/UKCHLL005.nii.gz,data/nnunet_raw/Dataset501_CURVASPancreasOOF/imagesTr/UKCHLL005_0000.nii.gz,data/nnunet_raw/Dataset501_CURVASPancreasOOF/labelsTr/UKCHLL005.nii.gz,data/nnunet_raw/Dataset513_CURVASPancreasOOF_Fold2/imagesTr/UKCHLL005_0000.nii.gz,data/nnunet_raw/Dataset513_CURVASPancreasOOF_Fold2/labelsTr/UKCHLL005.nii.gz,124dd4de87e3a88841a1fffb92a712c62d64040cba63bbf3fcdacf6bbe5e481f,03f09f760ca19c532f23ba406e7e7bc539dea19219fdfcf73988676f48b8d88b,3660d71c9db5d7f407f3649d49fb3a2c1be87feb28588e160a70aa9c74a5a316
2,513,UKCHLL007,testing_set,REVIEW_HEADER_MISMATCH,data/extracted/curvas/testing_set/UKCHLL007/image.nii.gz,data/derived/curvas/pancreas_majority_vote/UKCHLL007.nii.gz,data/nnunet_raw/Dataset501_CURVASPancreasOOF/imagesTr/UKCHLL007_0000.nii.gz,data/nnunet_raw/Dataset501_CURVASPancreasOOF/labelsTr/UKCHLL007.nii.gz,data/nnunet_raw/Dataset513_CURVASPancreasOOF_Fold2/imagesTr/UKCHLL007_0000.nii.gz,data/nnunet_raw/Dataset513_CURVASPancreasOOF_Fold2/labelsTr/UKCHLL007.nii.gz,1c0a4b8f0283565c309d237805f60e933502602a0d134df1d9edb5f7d9b1de4a,8fba096a7d60ef49c3e70895f619c67d13482afb8af933ff187a4d2480ebbcd9,3660d71c9db5d7f407f3649d49fb3a2c1be87feb28588e160a70aa9c74a5a316
2,513,UKCHLL008,testing_set,PASS_AUTOMATED,data/extracted/curvas/testing_set/UKCHLL008/image.nii.gz,data/derived/curvas/pancreas_majority_vote/UKCHLL008.nii.gz,data/nnunet_raw/Dataset501_CURVASPancreasOOF/imagesTr/UKCHLL008_0000.nii.gz,data/nnunet_raw/Dataset501_CURVASPancreasOOF/labelsTr/UKCHLL008.nii.gz,data/nnunet_raw/Dataset513_CURVASPancreasOOF_Fold2/imagesTr/UKCHLL008_0000.nii.gz,data/nnunet_raw/Dataset513_CURVASPancreasOOF_Fold2/labelsTr/UKCHLL008.nii.gz,eee9fed24a67f9627a5e5ed0fd553cd1fc5d8ebd929317194db477613d2a85c9,54128ffd4368835156c28e3832e545a1f92e443fbc78f1574245f8e25b3bfaeb,3660d71c9db5d7f407f3649d49fb3a2c1be87feb28588e160a70aa9c74a5a316
2,513,UKCHLL009,training_set,PASS_AUTOMATED,data/extracted/curvas/training_set/UKCHLL009/image.nii.gz,data/derived/curvas/pancreas_majority_vote/UKCHLL009.nii.gz,data/nnunet_raw/Dataset501_CURVASPancreasOOF/imagesTr/UKCHLL009_0000.nii.gz,data/nnunet_raw/Dataset501_CURVASPancreasOOF/labelsTr/UKCHLL009.nii.gz,data/nnunet_raw/Dataset513_CURVASPancreasOOF_Fold2/imagesTr/UKCHLL009_0000.nii.gz,data/nnunet_raw/Dataset513_CURVASPancreasOOF_Fold2/labelsTr/UKCHLL009.nii.gz,b4f9a74a5318990e10d7d682d4202f6171258eba389ac77dd31e3ab1e987cc2b,1d9028c6e78111188e34f917afb6edd8b8fa0c9816a603a716cdd8335e6a632d,3660d71c9db5d7f407f3649d49fb3a2c1be87feb28588e160a70aa9c74a5a316
2,513,UKCHLL010,testing_set,PASS_AUTOMATED,data/extracted/curvas/testing_set/UKCHLL010/image.nii.gz,data/derived/curvas/pancreas_majority_vote/UKCHLL010.nii.gz,data/nnunet_raw/Dataset501_CURVASPancreasOOF/imagesTr/UKCHLL010_0000.nii.gz,data/nnunet_raw/Dataset501_CURVASPancreasOOF/labelsTr/UKCHLL010.nii.gz,data/nnunet_raw/Dataset513_CURVASPancreasOOF_Fold2/imagesTr/UKCHLL010_0000.nii.gz,data/nnunet_raw/Dataset513_CURVASPancreasOOF_Fold2/labelsTr/UKCHLL010.nii.gz,4c0ad482cfad700b165c8c4842809f9a7f21c7db002a91c2d26d44fe8d3877e8,870909d36245480d18b1447154463db1556019b5def5e6117203d155a5c05a45,3660d71c9db5d7f407f3649d49fb3a2c1be87feb28588e160a70aa9c74a5a316
2,513,UKCHLL018,testing_set,PASS_AUTOMATED,data/extracted/curvas/testing_set/UKCHLL018/image.nii.gz,data/derived/curvas/pancreas_majority_vote/UKCHLL018.nii.gz,data/nnunet_raw/Dataset501_CURVASPancreasOOF/imagesTr/UKCHLL018_0000.nii.gz,data/nnunet_raw/Dataset501_CURVASPancreasOOF/labelsTr/UKCHLL018.nii.gz,data/nnunet_raw/Dataset513_CURVASPancreasOOF_Fold2/imagesTr/UKCHLL018_0000.nii.gz,data/nnunet_raw/Dataset513_CURVASPancreasOOF_Fold2/labelsTr/UKCHLL018.nii.gz,df2a36655b0596f47ec827abd6b8648c7f66c7c54f6b71322a0231e1208562a5,5bbce1a1ad06501361e41c67012c1e41e6cda1425c377b9aec126fbef7bdd678,3660d71c9db5d7f407f3649d49fb3a2c1be87feb28588e160a70aa9c74a5a316
2,513,UKCHLL021,training_set,PASS_AUTOMATED,data/extracted/curvas/training_set/UKCHLL021/image.nii.gz,data/derived/curvas/pancreas_majority_vote/UKCHLL021.nii.gz,data/nnunet_raw/Dataset501_CURVASPancreasOOF/imagesTr/UKCHLL021_0000.nii.gz,data/nnunet_raw/Dataset501_CURVASPancreasOOF/labelsTr/UKCHLL021.nii.gz,data/nnunet_raw/Dataset513_CURVASPancreasOOF_Fold2/imagesTr/UKCHLL021_0000.nii.gz,data/nnunet_raw/Dataset513_CURVASPancreasOOF_Fold2/labelsTr/UKCHLL021.nii.gz,a9d0894c09d1cfa31756c3db1a6ce0e349d169fd0525d03ad358bf2a36f5d184,b3db9919d4db6d39269e3cb47b3a102804e7751cfbb4d4150a71c36af96f10c6,3660d71c9db5d7f407f3649d49fb3a2c1be87feb28588e160a70aa9c74a5a316
2,513,UKCHLL023,training_set,PASS_AUTOMATED,data/extracted/curvas/training_set/UKCHLL023/image.nii.gz,data/derived/curvas/pancreas_majority_vote/UKCHLL023.nii.gz,data/nnunet_raw/Dataset501_CURVASPancreasOOF/imagesTr/UKCHLL023_0000.nii.gz,data/nnunet_raw/Dataset501_CURVASPancreasOOF/labelsTr/UKCHLL023.nii.gz,data/nnunet_raw/Dataset513_CURVASPancreasOOF_Fold2/imagesTr/UKCHLL023_0000.nii.gz,data/nnunet_raw/Dataset513_CURVASPancreasOOF_Fold2/labelsTr/UKCHLL023.nii.gz,77b830d5314071aefc5dd5437aa81202de885915912b24f858e71778155cf81c,8e0eda47ed47ef81b31dd035336803279d02a9782a3ca40355944c43ea9c2fb6,3660d71c9db5d7f407f3649d49fb3a2c1be87feb28588e160a70aa9c74a5a316
2,513,UKCHLL026,testing_set,PASS_AUTOMATED,data/extracted/curvas/testing_set/UKCHLL026/image.nii.gz,data/derived/curvas/pancreas_majority_vote/UKCHLL026.nii.gz,data/nnunet_raw/Dataset501_CURVASPancreasOOF/imagesTr/UKCHLL026_0000.nii.gz,data/nnunet_raw/Dataset501_CURVASPancreasOOF/labelsTr/UKCHLL026.nii.gz,data/nnunet_raw/Dataset513_CURVASPancreasOOF_Fold2/imagesTr/UKCHLL026_0000.nii.gz,data/nnunet_raw/Dataset513_CURVASPancreasOOF_Fold2/labelsTr/UKCHLL026.nii.gz,b5207bbfd0e1463041c8f3bcfad60f9930ea7f3e05b9a213422b5206a09dfdf6,0986c42e137767f646209e035dbf2c725bc4bd9f9c7a98f4700174142c347f60,3660d71c9db5d7f407f3649d49fb3a2c1be87feb28588e160a70aa9c74a5a316
2,513,UKCHLL027,testing_set,PASS_AUTOMATED,data/extracted/curvas/testing_set/UKCHLL027/image.nii.gz,data/derived/curvas/pancreas_majority_vote/UKCHLL027.nii.gz,data/nnunet_raw/Dataset501_CURVASPancreasOOF/imagesTr/UKCHLL027_0000.nii.gz,data/nnunet_raw/Dataset501_CURVASPancreasOOF/labelsTr/UKCHLL027.nii.gz,data/nnunet_raw/Dataset513_CURVASPancreasOOF_Fold2/imagesTr/UKCHLL027_0000.nii.gz,data/nnunet_raw/Dataset513_CURVASPancreasOOF_Fold2/labelsTr/UKCHLL027.nii.gz,90df38d2e5dd0a6d2a6513b7f6427ce6c8b0c1c11a2b4a7e75e5f76756dabfd2,36b844a2a2de9ef0e89e0f0cc7087854e935b12c4a7a4d8f45ee8d61462fbd76,3660d71c9db5d7f407f3649d49fb3a2c1be87feb28588e160a70aa9c74a5a316
2,513,UKCHLL028,testing_set,PASS_AUTOMATED,data/extracted/curvas/testing_set/UKCHLL028/image.nii.gz,data/derived/curvas/pancreas_majority_vote/UKCHLL028.nii.gz,data/nnunet_raw/Dataset501_CURVASPancreasOOF/imagesTr/UKCHLL028_0000.nii.gz,data/nnunet_raw/Dataset501_CURVASPancreasOOF/labelsTr/UKCHLL028.nii.gz,data/nnunet_raw/Dataset513_CURVASPancreasOOF_Fold2/imagesTr/UKCHLL028_0000.nii.gz,data/nnunet_raw/Dataset513_CURVASPancreasOOF_Fold2/labelsTr/UKCHLL028.nii.gz,3fb47799d5732a4a61451eb10c14653ba70c4770098fcd32ce124c174d4436e5,4aa767421c98660e763532b8e0e4d135fb48dc195ea90903eca24d40e5821789,3660d71c9db5d7f407f3649d49fb3a2c1be87feb28588e160a70aa9c74a5a316
2,513,UKCHLL030,testing_set,PASS_AUTOMATED,data/extracted/curvas/testing_set/UKCHLL030/image.nii.gz,data/derived/curvas/pancreas_majority_vote/UKCHLL030.nii.gz,data/nnunet_raw/Dataset501_CURVASPancreasOOF/imagesTr/UKCHLL030_0000.nii.gz,data/nnunet_raw/Dataset501_CURVASPancreasOOF/labelsTr/UKCHLL030.nii.gz,data/nnunet_raw/Dataset513_CURVASPancreasOOF_Fold2/imagesTr/UKCHLL030_0000.nii.gz,data/nnunet_raw/Dataset513_CURVASPancreasOOF_Fold2/labelsTr/UKCHLL030.nii.gz,6ae2d38fb87382c76a8163d12526c2ad409596745ee1b80922b88069d856b9f8,55ce2ed66879c8ee6c74f05a760555ae938efeea3ec813986da502205f365308,3660d71c9db5d7f407f3649d49fb3a2c1be87feb28588e160a70aa9c74a5a316
2,513,UKCHLL032,testing_set,PASS_AUTOMATED,data/extracted/curvas/testing_set/UKCHLL032/image.nii.gz,data/derived/curvas/pancreas_majority_vote/UKCHLL032.nii.gz,data/nnunet_raw/Dataset501_CURVASPancreasOOF/imagesTr/UKCHLL032_0000.nii.gz,data/nnunet_raw/Dataset501_CURVASPancreasOOF/labelsTr/UKCHLL032.nii.gz,data/nnunet_raw/Dataset513_CURVASPancreasOOF_Fold2/imagesTr/UKCHLL032_0000.nii.gz,data/nnunet_raw/Dataset513_CURVASPancreasOOF_Fold2/labelsTr/UKCHLL032.nii.gz,eb89043561ed2cf574d3c382c4373f07f9bb8497cda453dec98854969c776189,89efba7d4e0535e742cc39ac6f9be15d7264f9f11ff0d976a04d03d2268322ed,3660d71c9db5d7f407f3649d49fb3a2c1be87feb28588e160a70aa9c74a5a316
2,513,UKCHLL034,training_set,PASS_AUTOMATED,data/extracted/curvas/training_set/UKCHLL034/image.nii.gz,data/derived/curvas/pancreas_majority_vote/UKCHLL034.nii.gz,data/nnunet_raw/Dataset501_CURVASPancreasOOF/imagesTr/UKCHLL034_0000.nii.gz,data/nnunet_raw/Dataset501_CURVASPancreasOOF/labelsTr/UKCHLL034.nii.gz,data/nnunet_raw/Dataset513_CURVASPancreasOOF_Fold2/imagesTr/UKCHLL034_0000.nii.gz,data/nnunet_raw/Dataset513_CURVASPancreasOOF_Fold2/labelsTr/UKCHLL034.nii.gz,3365b638099e75fa63650b9b28bb8760aa5f14b658beab1b3e13f0b0c9f398ca,7ace59d93fb8a7d7f6319161a4ee10e9b9f98bb3ae9ac2d92ea3361e2332627b,3660d71c9db5d7f407f3649d49fb3a2c1be87feb28588e160a70aa9c74a5a316
2,513,UKCHLL038,training_set,PASS_AUTOMATED,data/extracted/curvas/training_set/UKCHLL038/image.nii.gz,data/derived/curvas/pancreas_majority_vote/UKCHLL038.nii.gz,data/nnunet_raw/Dataset501_CURVASPancreasOOF/imagesTr/UKCHLL038_0000.nii.gz,data/nnunet_raw/Dataset501_CURVASPancreasOOF/labelsTr/UKCHLL038.nii.gz,data/nnunet_raw/Dataset513_CURVASPancreasOOF_Fold2/imagesTr/UKCHLL038_0000.nii.gz,data/nnunet_raw/Dataset513_CURVASPancreasOOF_Fold2/labelsTr/UKCHLL038.nii.gz,c118a52e26e5c1bacb99d2c5ce566d6293c3eb5bda6c1759181bea5b7ce06c24,5609b9097f7c3c44d9acf186ba9d07b9db73036bcb399ab4f5f12048e5b953c5,3660d71c9db5d7f407f3649d49fb3a2c1be87feb28588e160a70aa9c74a5a316
2,513,UKCHLL041,training_set,PASS_AUTOMATED,data/extracted/curvas/training_set/UKCHLL041/image.nii.gz,data/derived/curvas/pancreas_majority_vote/UKCHLL041.nii.gz,data/nnunet_raw/Dataset501_CURVASPancreasOOF/imagesTr/UKCHLL041_0000.nii.gz,data/nnunet_raw/Dataset501_CURVASPancreasOOF/labelsTr/UKCHLL041.nii.gz,data/nnunet_raw/Dataset513_CURVASPancreasOOF_Fold2/imagesTr/UKCHLL041_0000.nii.gz,data/nnunet_raw/Dataset513_CURVASPancreasOOF_Fold2/labelsTr/UKCHLL041.nii.gz,0388e1421e99fca4fc03fff4bcf2c782ba81099a53bad7023d27cf27e6b6c7de,0b83b28ae6afeb4e796ed1f77a9c0942122da171fac96d21f0881317f442bca8,3660d71c9db5d7f407f3649d49fb3a2c1be87feb28588e160a70aa9c74a5a316
2,513,UKCHLL042,training_set,PASS_AUTOMATED,data/extracted/curvas/training_set/UKCHLL042/image.nii.gz,data/derived/curvas/pancreas_majority_vote/UKCHLL042.nii.gz,data/nnunet_raw/Dataset501_CURVASPancreasOOF/imagesTr/UKCHLL042_0000.nii.gz,data/nnunet_raw/Dataset501_CURVASPancreasOOF/labelsTr/UKCHLL042.nii.gz,data/nnunet_raw/Dataset513_CURVASPancreasOOF_Fold2/imagesTr/UKCHLL042_0000.nii.gz,data/nnunet_raw/Dataset513_CURVASPancreasOOF_Fold2/labelsTr/UKCHLL042.nii.gz,302bfb5afb8a1c7d869634f1aaa8d13d8d1847e6005b93d5987876453358c656,601b3d9cd24ce5ed8fb9591b8643c4dc589fda6e4ec6b61fd3a1640fa47438f7,3660d71c9db5d7f407f3649d49fb3a2c1be87feb28588e160a70aa9c74a5a316
2,513,UKCHLL043,training_set,PASS_AUTOMATED,data/extracted/curvas/training_set/UKCHLL043/image.nii.gz,data/derived/curvas/pancreas_majority_vote/UKCHLL043.nii.gz,data/nnunet_raw/Dataset501_CURVASPancreasOOF/imagesTr/UKCHLL043_0000.nii.gz,data/nnunet_raw/Dataset501_CURVASPancreasOOF/labelsTr/UKCHLL043.nii.gz,data/nnunet_raw/Dataset513_CURVASPancreasOOF_Fold2/imagesTr/UKCHLL043_0000.nii.gz,data/nnunet_raw/Dataset513_CURVASPancreasOOF_Fold2/labelsTr/UKCHLL043.nii.gz,84cfa8557f3667ac6e81d0c5a0fdb59fecc833280bf3d7196f830bc9c73ff45f,f90bf877e2ed8e0229645f152af1938840597be4f2be4cc037237c742c037329,3660d71c9db5d7f407f3649d49fb3a2c1be87feb28588e160a70aa9c74a5a316
2,513,UKCHLL045,training_set,PASS_AUTOMATED,data/extracted/curvas/training_set/UKCHLL045/image.nii.gz,data/derived/curvas/pancreas_majority_vote/UKCHLL045.nii.gz,data/nnunet_raw/Dataset501_CURVASPancreasOOF/imagesTr/UKCHLL045_0000.nii.gz,data/nnunet_raw/Dataset501_CURVASPancreasOOF/labelsTr/UKCHLL045.nii.gz,data/nnunet_raw/Dataset513_CURVASPancreasOOF_Fold2/imagesTr/UKCHLL045_0000.nii.gz,data/nnunet_raw/Dataset513_CURVASPancreasOOF_Fold2/labelsTr/UKCHLL045.nii.gz,bbffb49b47355fb4d10c255cba5af43234a61728463de77932a357252aa3cc8d,a063462bdaf532f7b1477ec23d76514db4e2cd886cc8e705a965b104ddc6e565,3660d71c9db5d7f407f3649d49fb3a2c1be87feb28588e160a70aa9c74a5a316
2,513,UKCHLL048,training_set,PASS_AUTOMATED,data/extracted/curvas/training_set/UKCHLL048/image.nii.gz,data/derived/curvas/pancreas_majority_vote/UKCHLL048.nii.gz,data/nnunet_raw/Dataset501_CURVASPancreasOOF/imagesTr/UKCHLL048_0000.nii.gz,data/nnunet_raw/Dataset501_CURVASPancreasOOF/labelsTr/UKCHLL048.nii.gz,data/nnunet_raw/Dataset513_CURVASPancreasOOF_Fold2/imagesTr/UKCHLL048_0000.nii.gz,data/nnunet_raw/Dataset513_CURVASPancreasOOF_Fold2/labelsTr/UKCHLL048.nii.gz,a76b0b794ce0f60edf0adc1afbff68b6e15a8d53bcf75218e165f66cf146d98a,60211d2a4012db87a42a520f9aa847c293edb7d11272642393f6970a549f94ae,3660d71c9db5d7f407f3649d49fb3a2c1be87feb28588e160a70aa9c74a5a316
2,513,UKCHLL051,validation_set,PASS_AUTOMATED,data/extracted/curvas/validation_set/UKCHLL051/image.nii.gz,data/derived/curvas/pancreas_majority_vote/UKCHLL051.nii.gz,data/nnunet_raw/Dataset501_CURVASPancreasOOF/imagesTr/UKCHLL051_0000.nii.gz,data/nnunet_raw/Dataset501_CURVASPancreasOOF/labelsTr/UKCHLL051.nii.gz,data/nnunet_raw/Dataset513_CURVASPancreasOOF_Fold2/imagesTr/UKCHLL051_0000.nii.gz,data/nnunet_raw/Dataset513_CURVASPancreasOOF_Fold2/labelsTr/UKCHLL051.nii.gz,707fd4328bc221325de6816119b598c80caaa9dd249cc8c94fa2294c3f7fcc79,196b0a420ad07cf379cedecea236e5e7dd79ca09289dbeaa45ead7d09ba7818e,3660d71c9db5d7f407f3649d49fb3a2c1be87feb28588e160a70aa9c74a5a316
2,513,UKCHLL052,testing_set,PASS_AUTOMATED,data/extracted/curvas/testing_set/UKCHLL052/image.nii.gz,data/derived/curvas/pancreas_majority_vote/UKCHLL052.nii.gz,data/nnunet_raw/Dataset501_CURVASPancreasOOF/imagesTr/UKCHLL052_0000.nii.gz,data/nnunet_raw/Dataset501_CURVASPancreasOOF/labelsTr/UKCHLL052.nii.gz,data/nnunet_raw/Dataset513_CURVASPancreasOOF_Fold2/imagesTr/UKCHLL052_0000.nii.gz,data/nnunet_raw/Dataset513_CURVASPancreasOOF_Fold2/labelsTr/UKCHLL052.nii.gz,80d94af953c73fc57ca03a182a3277a80043e656b2ecaea2d0c2f6de4ddd1c94,43a1d750729f32dad0bf1b24d52d277c0a4865512eaf29c753a6fc91de7a83cd,3660d71c9db5d7f407f3649d49fb3a2c1be87feb28588e160a70aa9c74a5a316
2,513,UKCHLL055,testing_set,PASS_AUTOMATED,data/extracted/curvas/testing_set/UKCHLL055/image.nii.gz,data/derived/curvas/pancreas_majority_vote/UKCHLL055.nii.gz,data/nnunet_raw/Dataset501_CURVASPancreasOOF/imagesTr/UKCHLL055_0000.nii.gz,data/nnunet_raw/Dataset501_CURVASPancreasOOF/labelsTr/UKCHLL055.nii.gz,data/nnunet_raw/Dataset513_CURVASPancreasOOF_Fold2/imagesTr/UKCHLL055_0000.nii.gz,data/nnunet_raw/Dataset513_CURVASPancreasOOF_Fold2/labelsTr/UKCHLL055.nii.gz,2bb10677494eed7c2e8c3c5fd247850a2499d44247bbcaad99978808b5fe1103,39332bc4f1bf15b6d424cdb0bf05c9c02d02c1800102490fab39af0787fd6785,3660d71c9db5d7f407f3649d49fb3a2c1be87feb28588e160a70aa9c74a5a316
2,513,UKCHLL058,validation_set,PASS_AUTOMATED,data/extracted/curvas/validation_set/UKCHLL058/image.nii.gz,data/derived/curvas/pancreas_majority_vote/UKCHLL058.nii.gz,data/nnunet_raw/Dataset501_CURVASPancreasOOF/imagesTr/UKCHLL058_0000.nii.gz,data/nnunet_raw/Dataset501_CURVASPancreasOOF/labelsTr/UKCHLL058.nii.gz,data/nnunet_raw/Dataset513_CURVASPancreasOOF_Fold2/imagesTr/UKCHLL058_0000.nii.gz,data/nnunet_raw/Dataset513_CURVASPancreasOOF_Fold2/labelsTr/UKCHLL058.nii.gz,3e6e85b58fbe0b7ad0a9068435ce387e6ca469759e5a74303352ebda8e40bc9b,70a94f9fcc8221a166741084d21c1918ed060a251bd40dce5d9ecac6fb1fb3ab,3660d71c9db5d7f407f3649d49fb3a2c1be87feb28588e160a70aa9c74a5a316
2,513,UKCHLL062,testing_set,PASS_AUTOMATED,data/extracted/curvas/testing_set/UKCHLL062/image.nii.gz,data/derived/curvas/pancreas_majority_vote/UKCHLL062.nii.gz,data/nnunet_raw/Dataset501_CURVASPancreasOOF/imagesTr/UKCHLL062_0000.nii.gz,data/nnunet_raw/Dataset501_CURVASPancreasOOF/labelsTr/UKCHLL062.nii.gz,data/nnunet_raw/Dataset513_CURVASPancreasOOF_Fold2/imagesTr/UKCHLL062_0000.nii.gz,data/nnunet_raw/Dataset513_CURVASPancreasOOF_Fold2/labelsTr/UKCHLL062.nii.gz,e1ccd027d51c5cff5fae06abefaa60fae9506a53dca88abf8bcb8be1bcc60c2d,1c5a11fb254ed21d2ee9974e44feabe20c49cc15ed4056e4cfaa9f6a563d7be9,3660d71c9db5d7f407f3649d49fb3a2c1be87feb28588e160a70aa9c74a5a316
2,513,UKCHLL064,testing_set,PASS_AUTOMATED,data/extracted/curvas/testing_set/UKCHLL064/image.nii.gz,data/derived/curvas/pancreas_majority_vote/UKCHLL064.nii.gz,data/nnunet_raw/Dataset501_CURVASPancreasOOF/imagesTr/UKCHLL064_0000.nii.gz,data/nnunet_raw/Dataset501_CURVASPancreasOOF/labelsTr/UKCHLL064.nii.gz,data/nnunet_raw/Dataset513_CURVASPancreasOOF_Fold2/imagesTr/UKCHLL064_0000.nii.gz,data/nnunet_raw/Dataset513_CURVASPancreasOOF_Fold2/labelsTr/UKCHLL064.nii.gz,b3fe4e12e19081b66e1cdf34f0d6e46f26e8d56daf667091fea22d1bddcb794a,fc39c8804ccaf3a73295bbbbde2f75ba4603ab7bacd12fea7ea4a84fc3a7760f,3660d71c9db5d7f407f3649d49fb3a2c1be87feb28588e160a70aa9c74a5a316
2,513,UKCHLL066,testing_set,PASS_AUTOMATED,data/extracted/curvas/testing_set/UKCHLL066/image.nii.gz,data/derived/curvas/pancreas_majority_vote/UKCHLL066.nii.gz,data/nnunet_raw/Dataset501_CURVASPancreasOOF/imagesTr/UKCHLL066_0000.nii.gz,data/nnunet_raw/Dataset501_CURVASPancreasOOF/labelsTr/UKCHLL066.nii.gz,data/nnunet_raw/Dataset513_CURVASPancreasOOF_Fold2/imagesTr/UKCHLL066_0000.nii.gz,data/nnunet_raw/Dataset513_CURVASPancreasOOF_Fold2/labelsTr/UKCHLL066.nii.gz,1ba3f5f77ac48295bf1a9914c782fb7c904885312f9181658f2aa69b0ad5dc20,dad666452118a93254b1e48339c3e99f289094039a5803b6a2145f6e9d596762,3660d71c9db5d7f407f3649d49fb3a2c1be87feb28588e160a70aa9c74a5a316
2,513,UKCHLL067,testing_set,PASS_AUTOMATED,data/extracted/curvas/testing_set/UKCHLL067/image.nii.gz,data/derived/curvas/pancreas_majority_vote/UKCHLL067.nii.gz,data/nnunet_raw/Dataset501_CURVASPancreasOOF/imagesTr/UKCHLL067_0000.nii.gz,data/nnunet_raw/Dataset501_CURVASPancreasOOF/labelsTr/UKCHLL067.nii.gz,data/nnunet_raw/Dataset513_CURVASPancreasOOF_Fold2/imagesTr/UKCHLL067_0000.nii.gz,data/nnunet_raw/Dataset513_CURVASPancreasOOF_Fold2/labelsTr/UKCHLL067.nii.gz,37874adae69f5111faed1655edc8a3588e94f78a17215aaf7b9a1554efbda72e,69163cdafa67c0d01356da25cc6f12b97f309dd2260b3b69dfaf7fb3c91f0b93,3660d71c9db5d7f407f3649d49fb3a2c1be87feb28588e160a70aa9c74a5a316
2,513,UKCHLL069,testing_set,PASS_AUTOMATED,data/extracted/curvas/testing_set/UKCHLL069/image.nii.gz,data/derived/curvas/pancreas_majority_vote/UKCHLL069.nii.gz,data/nnunet_raw/Dataset501_CURVASPancreasOOF/imagesTr/UKCHLL069_0000.nii.gz,data/nnunet_raw/Dataset501_CURVASPancreasOOF/labelsTr/UKCHLL069.nii.gz,data/nnunet_raw/Dataset513_CURVASPancreasOOF_Fold2/imagesTr/UKCHLL069_0000.nii.gz,data/nnunet_raw/Dataset513_CURVASPancreasOOF_Fold2/labelsTr/UKCHLL069.nii.gz,a0be44c7feb1bdef8cdfec39a6b5b43eaa3d0437a231ad10ab888267e05a6019,202fe277e6b62589a862b64d0c9c4fedcf1f4162da47f1df2035042c9b1cce80,3660d71c9db5d7f407f3649d49fb3a2c1be87feb28588e160a70aa9c74a5a316
2,513,UKCHLL070,testing_set,PASS_AUTOMATED,data/extracted/curvas/testing_set/UKCHLL070/image.nii.gz,data/derived/curvas/pancreas_majority_vote/UKCHLL070.nii.gz,data/nnunet_raw/Dataset501_CURVASPancreasOOF/imagesTr/UKCHLL070_0000.nii.gz,data/nnunet_raw/Dataset501_CURVASPancreasOOF/labelsTr/UKCHLL070.nii.gz,data/nnunet_raw/Dataset513_CURVASPancreasOOF_Fold2/imagesTr/UKCHLL070_0000.nii.gz,data/nnunet_raw/Dataset513_CURVASPancreasOOF_Fold2/labelsTr/UKCHLL070.nii.gz,6ccb45b483493d4c44b935fffdc1dcc76c564261f1a20fb4b1593baa3420b581,32479b67ba06a1dd8dff230ab690f6eb5eb12ff78c5243bb6a10420d01558477,3660d71c9db5d7f407f3649d49fb3a2c1be87feb28588e160a70aa9c74a5a316
2,513,UKCHLL073,testing_set,PASS_AUTOMATED,data/extracted/curvas/testing_set/UKCHLL073/image.nii.gz,data/derived/curvas/pancreas_majority_vote/UKCHLL073.nii.gz,data/nnunet_raw/Dataset501_CURVASPancreasOOF/imagesTr/UKCHLL073_0000.nii.gz,data/nnunet_raw/Dataset501_CURVASPancreasOOF/labelsTr/UKCHLL073.nii.gz,data/nnunet_raw/Dataset513_CURVASPancreasOOF_Fold2/imagesTr/UKCHLL073_0000.nii.gz,data/nnunet_raw/Dataset513_CURVASPancreasOOF_Fold2/labelsTr/UKCHLL073.nii.gz,ecdfa5eaa30c1e2c8f4d55e4d05ec803413d8dd011d858c83c2ab85b2bbcb2ee,b27c7cb27edc8021877a2064567997c86182a934b612045daa3df56a31c0f429,3660d71c9db5d7f407f3649d49fb3a2c1be87feb28588e160a70aa9c74a5a316
2,513,UKCHLL076,testing_set,PASS_AUTOMATED,data/extracted/curvas/testing_set/UKCHLL076/image.nii.gz,data/derived/curvas/pancreas_majority_vote/UKCHLL076.nii.gz,data/nnunet_raw/Dataset501_CURVASPancreasOOF/imagesTr/UKCHLL076_0000.nii.gz,data/nnunet_raw/Dataset501_CURVASPancreasOOF/labelsTr/UKCHLL076.nii.gz,data/nnunet_raw/Dataset513_CURVASPancreasOOF_Fold2/imagesTr/UKCHLL076_0000.nii.gz,data/nnunet_raw/Dataset513_CURVASPancreasOOF_Fold2/labelsTr/UKCHLL076.nii.gz,5c04d7c633f4d8f112b0c8117b4e45262cae81fdad00d873ec738903630f25ef,ba93426973b851191ed97350b7a1d366b7667a2151fc3bd01d0598eb5f6ffa9f,3660d71c9db5d7f407f3649d49fb3a2c1be87feb28588e160a70aa9c74a5a316
2,513,UKCHLL077,testing_set,PASS_AUTOMATED,data/extracted/curvas/testing_set/UKCHLL077/image.nii.gz,data/derived/curvas/pancreas_majority_vote/UKCHLL077.nii.gz,data/nnunet_raw/Dataset501_CURVASPancreasOOF/imagesTr/UKCHLL077_0000.nii.gz,data/nnunet_raw/Dataset501_CURVASPancreasOOF/labelsTr/UKCHLL077.nii.gz,data/nnunet_raw/Dataset513_CURVASPancreasOOF_Fold2/imagesTr/UKCHLL077_0000.nii.gz,data/nnunet_raw/Dataset513_CURVASPancreasOOF_Fold2/labelsTr/UKCHLL077.nii.gz,dd68840f64830dd02989d2f78b5f495f7d5ec6093775c450be302f6425182112,2f05a6f548419312953a2fb687b9dc921fb415f3dcef1500702d381be51d0912,3660d71c9db5d7f407f3649d49fb3a2c1be87feb28588e160a70aa9c74a5a316
2,513,UKCHLL078,testing_set,PASS_AUTOMATED,data/extracted/curvas/testing_set/UKCHLL078/image.nii.gz,data/derived/curvas/pancreas_majority_vote/UKCHLL078.nii.gz,data/nnunet_raw/Dataset501_CURVASPancreasOOF/imagesTr/UKCHLL078_0000.nii.gz,data/nnunet_raw/Dataset501_CURVASPancreasOOF/labelsTr/UKCHLL078.nii.gz,data/nnunet_raw/Dataset513_CURVASPancreasOOF_Fold2/imagesTr/UKCHLL078_0000.nii.gz,data/nnunet_raw/Dataset513_CURVASPancreasOOF_Fold2/labelsTr/UKCHLL078.nii.gz,d8b8ec16d3fc8fc498efa77759450ddb951991a4d3f014dd90b83e9c278398ba,fe73f898c3bf769fe2822beb4279acc58c4f8331a6bc7e8ae083db8de7aa5265,3660d71c9db5d7f407f3649d49fb3a2c1be87feb28588e160a70aa9c74a5a316
2,513,UKCHLL084,testing_set,PASS_AUTOMATED,data/extracted/curvas/testing_set/UKCHLL084/image.nii.gz,data/derived/curvas/pancreas_majority_vote/UKCHLL084.nii.gz,data/nnunet_raw/Dataset501_CURVASPancreasOOF/imagesTr/UKCHLL084_0000.nii.gz,data/nnunet_raw/Dataset501_CURVASPancreasOOF/labelsTr/UKCHLL084.nii.gz,data/nnunet_raw/Dataset513_CURVASPancreasOOF_Fold2/imagesTr/UKCHLL084_0000.nii.gz,data/nnunet_raw/Dataset513_CURVASPancreasOOF_Fold2/labelsTr/UKCHLL084.nii.gz,4889713911cea6d34819e34155cdaef330ea573fc85ba86add3366f11fa10dfd,4307b5f9e686351bcb8546dbe0cc6e970fc0a050324a241126003d5305964dd0,3660d71c9db5d7f407f3649d49fb3a2c1be87feb28588e160a70aa9c74a5a316
2,513,UKCHLL089,testing_set,PASS_AUTOMATED,data/extracted/curvas/testing_set/UKCHLL089/image.nii.gz,data/derived/curvas/pancreas_majority_vote/UKCHLL089.nii.gz,data/nnunet_raw/Dataset501_CURVASPancreasOOF/imagesTr/UKCHLL089_0000.nii.gz,data/nnunet_raw/Dataset501_CURVASPancreasOOF/labelsTr/UKCHLL089.nii.gz,data/nnunet_raw/Dataset513_CURVASPancreasOOF_Fold2/imagesTr/UKCHLL089_0000.nii.gz,data/nnunet_raw/Dataset513_CURVASPancreasOOF_Fold2/labelsTr/UKCHLL089.nii.gz,394bb9456ec891f078a099b108c0f87f5384ee3fcfbfa86ed5b59d3c58c3872f,bb8faec771c0775272a548e6b54bb830e8fd1939dbdeb50e4aa92b80e0c4d376,3660d71c9db5d7f407f3649d49fb3a2c1be87feb28588e160a70aa9c74a5a316
2,513,UKCHLL091,testing_set,PASS_AUTOMATED,data/extracted/curvas/testing_set/UKCHLL091/image.nii.gz,data/derived/curvas/pancreas_majority_vote/UKCHLL091.nii.gz,data/nnunet_raw/Dataset501_CURVASPancreasOOF/imagesTr/UKCHLL091_0000.nii.gz,data/nnunet_raw/Dataset501_CURVASPancreasOOF/labelsTr/UKCHLL091.nii.gz,data/nnunet_raw/Dataset513_CURVASPancreasOOF_Fold2/imagesTr/UKCHLL091_0000.nii.gz,data/nnunet_raw/Dataset513_CURVASPancreasOOF_Fold2/labelsTr/UKCHLL091.nii.gz,55a7459cdffe64a60a528f2a8f3d4709977d29a6303d39f6e27fc238411a9894,ee9512e2c5a7826106ec316d9f0013a9ebfa7dc9a211ffbd3df353e67b20197f,3660d71c9db5d7f407f3649d49fb3a2c1be87feb28588e160a70aa9c74a5a316
2,513,UKCHLL094,testing_set,PASS_AUTOMATED,data/extracted/curvas/testing_set/UKCHLL094/image.nii.gz,data/derived/curvas/pancreas_majority_vote/UKCHLL094.nii.gz,data/nnunet_raw/Dataset501_CURVASPancreasOOF/imagesTr/UKCHLL094_0000.nii.gz,data/nnunet_raw/Dataset501_CURVASPancreasOOF/labelsTr/UKCHLL094.nii.gz,data/nnunet_raw/Dataset513_CURVASPancreasOOF_Fold2/imagesTr/UKCHLL094_0000.nii.gz,data/nnunet_raw/Dataset513_CURVASPancreasOOF_Fold2/labelsTr/UKCHLL094.nii.gz,0a342cf0b0090aa9b409fa4b2f413c41e20d6c5a4a30700a6cdf2c40447f729f,4bbed68dbf6a3fcf97eb402f3114590e3351d2497803dc2080d05b611007e999,3660d71c9db5d7f407f3649d49fb3a2c1be87feb28588e160a70aa9c74a5a316
2,513,UKCHLL095,testing_set,PASS_AUTOMATED,data/extracted/curvas/testing_set/UKCHLL095/image.nii.gz,data/derived/curvas/pancreas_majority_vote/UKCHLL095.nii.gz,data/nnunet_raw/Dataset501_CURVASPancreasOOF/imagesTr/UKCHLL095_0000.nii.gz,data/nnunet_raw/Dataset501_CURVASPancreasOOF/labelsTr/UKCHLL095.nii.gz,data/nnunet_raw/Dataset513_CURVASPancreasOOF_Fold2/imagesTr/UKCHLL095_0000.nii.gz,data/nnunet_raw/Dataset513_CURVASPancreasOOF_Fold2/labelsTr/UKCHLL095.nii.gz,571f5023ac2f8dc19fe5259b7cc3d3f5d8c3cdc613da58ffa7584c8df8a0ee85,e7026fdde2584f85bf777e9bca17c777cfb34114e72df249a7d25d519676c51b,3660d71c9db5d7f407f3649d49fb3a2c1be87feb28588e160a70aa9c74a5a316
2,513,UKCHLL096,testing_set,PASS_AUTOMATED,data/extracted/curvas/testing_set/UKCHLL096/image.nii.gz,data/derived/curvas/pancreas_majority_vote/UKCHLL096.nii.gz,data/nnunet_raw/Dataset501_CURVASPancreasOOF/imagesTr/UKCHLL096_0000.nii.gz,data/nnunet_raw/Dataset501_CURVASPancreasOOF/labelsTr/UKCHLL096.nii.gz,data/nnunet_raw/Dataset513_CURVASPancreasOOF_Fold2/imagesTr/UKCHLL096_0000.nii.gz,data/nnunet_raw/Dataset513_CURVASPancreasOOF_Fold2/labelsTr/UKCHLL096.nii.gz,ba9dcf852165f473b17efe1f31ae0e5f3bf5a310989116126415b7456561d070,5f1317fb4589ac4cd94f046ab6d9b450029915b61f37974328a51522ee6ce809,3660d71c9db5d7f407f3649d49fb3a2c1be87feb28588e160a70aa9c74a5a316
2,513,UKCHLL099,testing_set,PASS_AUTOMATED,data/extracted/curvas/testing_set/UKCHLL099/image.nii.gz,data/derived/curvas/pancreas_majority_vote/UKCHLL099.nii.gz,data/nnunet_raw/Dataset501_CURVASPancreasOOF/imagesTr/UKCHLL099_0000.nii.gz,data/nnunet_raw/Dataset501_CURVASPancreasOOF/labelsTr/UKCHLL099.nii.gz,data/nnunet_raw/Dataset513_CURVASPancreasOOF_Fold2/imagesTr/UKCHLL099_0000.nii.gz,data/nnunet_raw/Dataset513_CURVASPancreasOOF_Fold2/labelsTr/UKCHLL099.nii.gz,03f6ceb8947ca402eba24178cc0ce886ce1eb4a1c15cf1665981f2e8c9511cd9,021023ba52a4e46262f40ce403bf1438a7f75ae1c81784d5b01b54516a7e13ea,3660d71c9db5d7f407f3649d49fb3a2c1be87feb28588e160a70aa9c74a5a316
2,513,UKCHLL103,testing_set,PASS_AUTOMATED,data/extracted/curvas/testing_set/UKCHLL103/image.nii.gz,data/derived/curvas/pancreas_majority_vote/UKCHLL103.nii.gz,data/nnunet_raw/Dataset501_CURVASPancreasOOF/imagesTr/UKCHLL103_0000.nii.gz,data/nnunet_raw/Dataset501_CURVASPancreasOOF/labelsTr/UKCHLL103.nii.gz,data/nnunet_raw/Dataset513_CURVASPancreasOOF_Fold2/imagesTr/UKCHLL103_0000.nii.gz,data/nnunet_raw/Dataset513_CURVASPancreasOOF_Fold2/labelsTr/UKCHLL103.nii.gz,40a29174875d4d43268b2431d0a2e09a9cdc8b962a319e495c98b5b713351bd5,1822fef3d7424d33304ce6977b3487f2abbf47a327ff96ff1a541d5c725cdf61,3660d71c9db5d7f407f3649d49fb3a2c1be87feb28588e160a70aa9c74a5a316
2,513,UKCHLL105,testing_set,PASS_AUTOMATED,data/extracted/curvas/testing_set/UKCHLL105/image.nii.gz,data/derived/curvas/pancreas_majority_vote/UKCHLL105.nii.gz,data/nnunet_raw/Dataset501_CURVASPancreasOOF/imagesTr/UKCHLL105_0000.nii.gz,data/nnunet_raw/Dataset501_CURVASPancreasOOF/labelsTr/UKCHLL105.nii.gz,data/nnunet_raw/Dataset513_CURVASPancreasOOF_Fold2/imagesTr/UKCHLL105_0000.nii.gz,data/nnunet_raw/Dataset513_CURVASPancreasOOF_Fold2/labelsTr/UKCHLL105.nii.gz,c62d32f5d037366f8ea7d260c67643219f45afddbd9618e240c3937f413c53e8,fa60f05b410f958f2a837a9b0756a8edd32270d10b2a3fecbd949b042c8ae414,3660d71c9db5d7f407f3649d49fb3a2c1be87feb28588e160a70aa9c74a5a316
2,513,UKCHLL106,testing_set,PASS_AUTOMATED,data/extracted/curvas/testing_set/UKCHLL106/image.nii.gz,data/derived/curvas/pancreas_majority_vote/UKCHLL106.nii.gz,data/nnunet_raw/Dataset501_CURVASPancreasOOF/imagesTr/UKCHLL106_0000.nii.gz,data/nnunet_raw/Dataset501_CURVASPancreasOOF/labelsTr/UKCHLL106.nii.gz,data/nnunet_raw/Dataset513_CURVASPancreasOOF_Fold2/imagesTr/UKCHLL106_0000.nii.gz,data/nnunet_raw/Dataset513_CURVASPancreasOOF_Fold2/labelsTr/UKCHLL106.nii.gz,feecafd1efe6119395cb4f5d1353079744e5b11f37055c74aefac2e1090434dc,9d9d1afd3133c5c421853157cdd15360d7eac28c37ab71ed8351178791307d8c,3660d71c9db5d7f407f3649d49fb3a2c1be87feb28588e160a70aa9c74a5a316
2,513,UKCHLL111,testing_set,PASS_AUTOMATED,data/extracted/curvas/testing_set/UKCHLL111/image.nii.gz,data/derived/curvas/pancreas_majority_vote/UKCHLL111.nii.gz,data/nnunet_raw/Dataset501_CURVASPancreasOOF/imagesTr/UKCHLL111_0000.nii.gz,data/nnunet_raw/Dataset501_CURVASPancreasOOF/labelsTr/UKCHLL111.nii.gz,data/nnunet_raw/Dataset513_CURVASPancreasOOF_Fold2/imagesTr/UKCHLL111_0000.nii.gz,data/nnunet_raw/Dataset513_CURVASPancreasOOF_Fold2/labelsTr/UKCHLL111.nii.gz,97b23256e89961ef89236116826dc92cf16972a77d4bd7dfab3e72aebfd5ef9c,a7bdcb6aa87e4f9486efa45fa685ee864a239316d0dc3959ba952eab74c8af1a,3660d71c9db5d7f407f3649d49fb3a2c1be87feb28588e160a70aa9c74a5a316
2,513,UKCHLL112,testing_set,PASS_AUTOMATED,data/extracted/curvas/testing_set/UKCHLL112/image.nii.gz,data/derived/curvas/pancreas_majority_vote/UKCHLL112.nii.gz,data/nnunet_raw/Dataset501_CURVASPancreasOOF/imagesTr/UKCHLL112_0000.nii.gz,data/nnunet_raw/Dataset501_CURVASPancreasOOF/labelsTr/UKCHLL112.nii.gz,data/nnunet_raw/Dataset513_CURVASPancreasOOF_Fold2/imagesTr/UKCHLL112_0000.nii.gz,data/nnunet_raw/Dataset513_CURVASPancreasOOF_Fold2/labelsTr/UKCHLL112.nii.gz,7aa1b274b8083ad693a3e916ed6529caa637210733b412ede5f944371ae81057,6f29e13b3974762d999c00426ae8a55d6e4923fdad8ae67d1cf4153cf736ae27,3660d71c9db5d7f407f3649d49fb3a2c1be87feb28588e160a70aa9c74a5a316
2,513,UKCHLL113,testing_set,PASS_AUTOMATED,data/extracted/curvas/testing_set/UKCHLL113/image.nii.gz,data/derived/curvas/pancreas_majority_vote/UKCHLL113.nii.gz,data/nnunet_raw/Dataset501_CURVASPancreasOOF/imagesTr/UKCHLL113_0000.nii.gz,data/nnunet_raw/Dataset501_CURVASPancreasOOF/labelsTr/UKCHLL113.nii.gz,data/nnunet_raw/Dataset513_CURVASPancreasOOF_Fold2/imagesTr/UKCHLL113_0000.nii.gz,data/nnunet_raw/Dataset513_CURVASPancreasOOF_Fold2/labelsTr/UKCHLL113.nii.gz,ee837b2c4e3020daf390ae663f6fb8a135e456d576f99a1af0af03e24e099a37,f3f1c3b4c9b051bbe8418ee5fb430e9da4473b1dbf386088d94318a4308179dc,3660d71c9db5d7f407f3649d49fb3a2c1be87feb28588e160a70aa9c74a5a316
3,514,UKCHLL001,training_set,PASS_AUTOMATED,data/extracted/curvas/training_set/UKCHLL001/image.nii.gz,data/derived/curvas/pancreas_majority_vote/UKCHLL001.nii.gz,data/nnunet_raw/Dataset501_CURVASPancreasOOF/imagesTr/UKCHLL001_0000.nii.gz,data/nnunet_raw/Dataset501_CURVASPancreasOOF/labelsTr/UKCHLL001.nii.gz,data/nnunet_raw/Dataset514_CURVASPancreasOOF_Fold3/imagesTr/UKCHLL001_0000.nii.gz,data/nnunet_raw/Dataset514_CURVASPancreasOOF_Fold3/labelsTr/UKCHLL001.nii.gz,5cf3a1a3ce80d564bff404a1559f647d7986bf6235782e927d623ac1951d0b3a,5c752b2a65957c43ccf9c14277e734668fab8a89cb55bd95702907892d82f968,3660d71c9db5d7f407f3649d49fb3a2c1be87feb28588e160a70aa9c74a5a316
3,514,UKCHLL005,testing_set,PASS_AUTOMATED,data/extracted/curvas/testing_set/UKCHLL005/image.nii.gz,data/derived/curvas/pancreas_majority_vote/UKCHLL005.nii.gz,data/nnunet_raw/Dataset501_CURVASPancreasOOF/imagesTr/UKCHLL005_0000.nii.gz,data/nnunet_raw/Dataset501_CURVASPancreasOOF/labelsTr/UKCHLL005.nii.gz,data/nnunet_raw/Dataset514_CURVASPancreasOOF_Fold3/imagesTr/UKCHLL005_0000.nii.gz,data/nnunet_raw/Dataset514_CURVASPancreasOOF_Fold3/labelsTr/UKCHLL005.nii.gz,124dd4de87e3a88841a1fffb92a712c62d64040cba63bbf3fcdacf6bbe5e481f,03f09f760ca19c532f23ba406e7e7bc539dea19219fdfcf73988676f48b8d88b,3660d71c9db5d7f407f3649d49fb3a2c1be87feb28588e160a70aa9c74a5a316
3,514,UKCHLL007,testing_set,REVIEW_HEADER_MISMATCH,data/extracted/curvas/testing_set/UKCHLL007/image.nii.gz,data/derived/curvas/pancreas_majority_vote/UKCHLL007.nii.gz,data/nnunet_raw/Dataset501_CURVASPancreasOOF/imagesTr/UKCHLL007_0000.nii.gz,data/nnunet_raw/Dataset501_CURVASPancreasOOF/labelsTr/UKCHLL007.nii.gz,data/nnunet_raw/Dataset514_CURVASPancreasOOF_Fold3/imagesTr/UKCHLL007_0000.nii.gz,data/nnunet_raw/Dataset514_CURVASPancreasOOF_Fold3/labelsTr/UKCHLL007.nii.gz,1c0a4b8f0283565c309d237805f60e933502602a0d134df1d9edb5f7d9b1de4a,8fba096a7d60ef49c3e70895f619c67d13482afb8af933ff187a4d2480ebbcd9,3660d71c9db5d7f407f3649d49fb3a2c1be87feb28588e160a70aa9c74a5a316
3,514,UKCHLL008,testing_set,PASS_AUTOMATED,data/extracted/curvas/testing_set/UKCHLL008/image.nii.gz,data/derived/curvas/pancreas_majority_vote/UKCHLL008.nii.gz,data/nnunet_raw/Dataset501_CURVASPancreasOOF/imagesTr/UKCHLL008_0000.nii.gz,data/nnunet_raw/Dataset501_CURVASPancreasOOF/labelsTr/UKCHLL008.nii.gz,data/nnunet_raw/Dataset514_CURVASPancreasOOF_Fold3/imagesTr/UKCHLL008_0000.nii.gz,data/nnunet_raw/Dataset514_CURVASPancreasOOF_Fold3/labelsTr/UKCHLL008.nii.gz,eee9fed24a67f9627a5e5ed0fd553cd1fc5d8ebd929317194db477613d2a85c9,54128ffd4368835156c28e3832e545a1f92e443fbc78f1574245f8e25b3bfaeb,3660d71c9db5d7f407f3649d49fb3a2c1be87feb28588e160a70aa9c74a5a316
3,514,UKCHLL009,training_set,PASS_AUTOMATED,data/extracted/curvas/training_set/UKCHLL009/image.nii.gz,data/derived/curvas/pancreas_majority_vote/UKCHLL009.nii.gz,data/nnunet_raw/Dataset501_CURVASPancreasOOF/imagesTr/UKCHLL009_0000.nii.gz,data/nnunet_raw/Dataset501_CURVASPancreasOOF/labelsTr/UKCHLL009.nii.gz,data/nnunet_raw/Dataset514_CURVASPancreasOOF_Fold3/imagesTr/UKCHLL009_0000.nii.gz,data/nnunet_raw/Dataset514_CURVASPancreasOOF_Fold3/labelsTr/UKCHLL009.nii.gz,b4f9a74a5318990e10d7d682d4202f6171258eba389ac77dd31e3ab1e987cc2b,1d9028c6e78111188e34f917afb6edd8b8fa0c9816a603a716cdd8335e6a632d,3660d71c9db5d7f407f3649d49fb3a2c1be87feb28588e160a70aa9c74a5a316
3,514,UKCHLL010,testing_set,PASS_AUTOMATED,data/extracted/curvas/testing_set/UKCHLL010/image.nii.gz,data/derived/curvas/pancreas_majority_vote/UKCHLL010.nii.gz,data/nnunet_raw/Dataset501_CURVASPancreasOOF/imagesTr/UKCHLL010_0000.nii.gz,data/nnunet_raw/Dataset501_CURVASPancreasOOF/labelsTr/UKCHLL010.nii.gz,data/nnunet_raw/Dataset514_CURVASPancreasOOF_Fold3/imagesTr/UKCHLL010_0000.nii.gz,data/nnunet_raw/Dataset514_CURVASPancreasOOF_Fold3/labelsTr/UKCHLL010.nii.gz,4c0ad482cfad700b165c8c4842809f9a7f21c7db002a91c2d26d44fe8d3877e8,870909d36245480d18b1447154463db1556019b5def5e6117203d155a5c05a45,3660d71c9db5d7f407f3649d49fb3a2c1be87feb28588e160a70aa9c74a5a316
3,514,UKCHLL018,testing_set,PASS_AUTOMATED,data/extracted/curvas/testing_set/UKCHLL018/image.nii.gz,data/derived/curvas/pancreas_majority_vote/UKCHLL018.nii.gz,data/nnunet_raw/Dataset501_CURVASPancreasOOF/imagesTr/UKCHLL018_0000.nii.gz,data/nnunet_raw/Dataset501_CURVASPancreasOOF/labelsTr/UKCHLL018.nii.gz,data/nnunet_raw/Dataset514_CURVASPancreasOOF_Fold3/imagesTr/UKCHLL018_0000.nii.gz,data/nnunet_raw/Dataset514_CURVASPancreasOOF_Fold3/labelsTr/UKCHLL018.nii.gz,df2a36655b0596f47ec827abd6b8648c7f66c7c54f6b71322a0231e1208562a5,5bbce1a1ad06501361e41c67012c1e41e6cda1425c377b9aec126fbef7bdd678,3660d71c9db5d7f407f3649d49fb3a2c1be87feb28588e160a70aa9c74a5a316
3,514,UKCHLL021,training_set,PASS_AUTOMATED,data/extracted/curvas/training_set/UKCHLL021/image.nii.gz,data/derived/curvas/pancreas_majority_vote/UKCHLL021.nii.gz,data/nnunet_raw/Dataset501_CURVASPancreasOOF/imagesTr/UKCHLL021_0000.nii.gz,data/nnunet_raw/Dataset501_CURVASPancreasOOF/labelsTr/UKCHLL021.nii.gz,data/nnunet_raw/Dataset514_CURVASPancreasOOF_Fold3/imagesTr/UKCHLL021_0000.nii.gz,data/nnunet_raw/Dataset514_CURVASPancreasOOF_Fold3/labelsTr/UKCHLL021.nii.gz,a9d0894c09d1cfa31756c3db1a6ce0e349d169fd0525d03ad358bf2a36f5d184,b3db9919d4db6d39269e3cb47b3a102804e7751cfbb4d4150a71c36af96f10c6,3660d71c9db5d7f407f3649d49fb3a2c1be87feb28588e160a70aa9c74a5a316
3,514,UKCHLL023,training_set,PASS_AUTOMATED,data/extracted/curvas/training_set/UKCHLL023/image.nii.gz,data/derived/curvas/pancreas_majority_vote/UKCHLL023.nii.gz,data/nnunet_raw/Dataset501_CURVASPancreasOOF/imagesTr/UKCHLL023_0000.nii.gz,data/nnunet_raw/Dataset501_CURVASPancreasOOF/labelsTr/UKCHLL023.nii.gz,data/nnunet_raw/Dataset514_CURVASPancreasOOF_Fold3/imagesTr/UKCHLL023_0000.nii.gz,data/nnunet_raw/Dataset514_CURVASPancreasOOF_Fold3/labelsTr/UKCHLL023.nii.gz,77b830d5314071aefc5dd5437aa81202de885915912b24f858e71778155cf81c,8e0eda47ed47ef81b31dd035336803279d02a9782a3ca40355944c43ea9c2fb6,3660d71c9db5d7f407f3649d49fb3a2c1be87feb28588e160a70aa9c74a5a316
3,514,UKCHLL025,testing_set,PASS_AUTOMATED,data/extracted/curvas/testing_set/UKCHLL025/image.nii.gz,data/derived/curvas/pancreas_majority_vote/UKCHLL025.nii.gz,data/nnunet_raw/Dataset501_CURVASPancreasOOF/imagesTr/UKCHLL025_0000.nii.gz,data/nnunet_raw/Dataset501_CURVASPancreasOOF/labelsTr/UKCHLL025.nii.gz,data/nnunet_raw/Dataset514_CURVASPancreasOOF_Fold3/imagesTr/UKCHLL025_0000.nii.gz,data/nnunet_raw/Dataset514_CURVASPancreasOOF_Fold3/labelsTr/UKCHLL025.nii.gz,58f5fa80cc7b90a4d33e2143f48534617cc67bc07c92cf37ebc98badcd1a08c9,40b403c443246f1d9eebdbd94fd860b1fd0b8d53e40ef8539e56653934e3dc23,3660d71c9db5d7f407f3649d49fb3a2c1be87feb28588e160a70aa9c74a5a316
3,514,UKCHLL027,testing_set,PASS_AUTOMATED,data/extracted/curvas/testing_set/UKCHLL027/image.nii.gz,data/derived/curvas/pancreas_majority_vote/UKCHLL027.nii.gz,data/nnunet_raw/Dataset501_CURVASPancreasOOF/imagesTr/UKCHLL027_0000.nii.gz,data/nnunet_raw/Dataset501_CURVASPancreasOOF/labelsTr/UKCHLL027.nii.gz,data/nnunet_raw/Dataset514_CURVASPancreasOOF_Fold3/imagesTr/UKCHLL027_0000.nii.gz,data/nnunet_raw/Dataset514_CURVASPancreasOOF_Fold3/labelsTr/UKCHLL027.nii.gz,90df38d2e5dd0a6d2a6513b7f6427ce6c8b0c1c11a2b4a7e75e5f76756dabfd2,36b844a2a2de9ef0e89e0f0cc7087854e935b12c4a7a4d8f45ee8d61462fbd76,3660d71c9db5d7f407f3649d49fb3a2c1be87feb28588e160a70aa9c74a5a316
3,514,UKCHLL030,testing_set,PASS_AUTOMATED,data/extracted/curvas/testing_set/UKCHLL030/image.nii.gz,data/derived/curvas/pancreas_majority_vote/UKCHLL030.nii.gz,data/nnunet_raw/Dataset501_CURVASPancreasOOF/imagesTr/UKCHLL030_0000.nii.gz,data/nnunet_raw/Dataset501_CURVASPancreasOOF/labelsTr/UKCHLL030.nii.gz,data/nnunet_raw/Dataset514_CURVASPancreasOOF_Fold3/imagesTr/UKCHLL030_0000.nii.gz,data/nnunet_raw/Dataset514_CURVASPancreasOOF_Fold3/labelsTr/UKCHLL030.nii.gz,6ae2d38fb87382c76a8163d12526c2ad409596745ee1b80922b88069d856b9f8,55ce2ed66879c8ee6c74f05a760555ae938efeea3ec813986da502205f365308,3660d71c9db5d7f407f3649d49fb3a2c1be87feb28588e160a70aa9c74a5a316
3,514,UKCHLL031,training_set,PASS_AUTOMATED,data/extracted/curvas/training_set/UKCHLL031/image.nii.gz,data/derived/curvas/pancreas_majority_vote/UKCHLL031.nii.gz,data/nnunet_raw/Dataset501_CURVASPancreasOOF/imagesTr/UKCHLL031_0000.nii.gz,data/nnunet_raw/Dataset501_CURVASPancreasOOF/labelsTr/UKCHLL031.nii.gz,data/nnunet_raw/Dataset514_CURVASPancreasOOF_Fold3/imagesTr/UKCHLL031_0000.nii.gz,data/nnunet_raw/Dataset514_CURVASPancreasOOF_Fold3/labelsTr/UKCHLL031.nii.gz,4577acc8be895ee17f919cbc4212588b4cbeede1faa0912aa2683d0633a35e11,d1adc26fec7b81e668f552377dcd2dc24aa57f3d11aeed19a0c5074fcc7056ff,3660d71c9db5d7f407f3649d49fb3a2c1be87feb28588e160a70aa9c74a5a316
3,514,UKCHLL032,testing_set,PASS_AUTOMATED,data/extracted/curvas/testing_set/UKCHLL032/image.nii.gz,data/derived/curvas/pancreas_majority_vote/UKCHLL032.nii.gz,data/nnunet_raw/Dataset501_CURVASPancreasOOF/imagesTr/UKCHLL032_0000.nii.gz,data/nnunet_raw/Dataset501_CURVASPancreasOOF/labelsTr/UKCHLL032.nii.gz,data/nnunet_raw/Dataset514_CURVASPancreasOOF_Fold3/imagesTr/UKCHLL032_0000.nii.gz,data/nnunet_raw/Dataset514_CURVASPancreasOOF_Fold3/labelsTr/UKCHLL032.nii.gz,eb89043561ed2cf574d3c382c4373f07f9bb8497cda453dec98854969c776189,89efba7d4e0535e742cc39ac6f9be15d7264f9f11ff0d976a04d03d2268322ed,3660d71c9db5d7f407f3649d49fb3a2c1be87feb28588e160a70aa9c74a5a316
3,514,UKCHLL034,training_set,PASS_AUTOMATED,data/extracted/curvas/training_set/UKCHLL034/image.nii.gz,data/derived/curvas/pancreas_majority_vote/UKCHLL034.nii.gz,data/nnunet_raw/Dataset501_CURVASPancreasOOF/imagesTr/UKCHLL034_0000.nii.gz,data/nnunet_raw/Dataset501_CURVASPancreasOOF/labelsTr/UKCHLL034.nii.gz,data/nnunet_raw/Dataset514_CURVASPancreasOOF_Fold3/imagesTr/UKCHLL034_0000.nii.gz,data/nnunet_raw/Dataset514_CURVASPancreasOOF_Fold3/labelsTr/UKCHLL034.nii.gz,3365b638099e75fa63650b9b28bb8760aa5f14b658beab1b3e13f0b0c9f398ca,7ace59d93fb8a7d7f6319161a4ee10e9b9f98bb3ae9ac2d92ea3361e2332627b,3660d71c9db5d7f407f3649d49fb3a2c1be87feb28588e160a70aa9c74a5a316
3,514,UKCHLL035,training_set,PASS_AUTOMATED,data/extracted/curvas/training_set/UKCHLL035/image.nii.gz,data/derived/curvas/pancreas_majority_vote/UKCHLL035.nii.gz,data/nnunet_raw/Dataset501_CURVASPancreasOOF/imagesTr/UKCHLL035_0000.nii.gz,data/nnunet_raw/Dataset501_CURVASPancreasOOF/labelsTr/UKCHLL035.nii.gz,data/nnunet_raw/Dataset514_CURVASPancreasOOF_Fold3/imagesTr/UKCHLL035_0000.nii.gz,data/nnunet_raw/Dataset514_CURVASPancreasOOF_Fold3/labelsTr/UKCHLL035.nii.gz,dd5d573fd303c50c7b0ce91a1f24b847d7d89b0fdd44c69404690af9a2f2e152,7cefb320dc36155396a6ecbb708016abf46120e9274da3d681354fe8b5173840,3660d71c9db5d7f407f3649d49fb3a2c1be87feb28588e160a70aa9c74a5a316
3,514,UKCHLL042,training_set,PASS_AUTOMATED,data/extracted/curvas/training_set/UKCHLL042/image.nii.gz,data/derived/curvas/pancreas_majority_vote/UKCHLL042.nii.gz,data/nnunet_raw/Dataset501_CURVASPancreasOOF/imagesTr/UKCHLL042_0000.nii.gz,data/nnunet_raw/Dataset501_CURVASPancreasOOF/labelsTr/UKCHLL042.nii.gz,data/nnunet_raw/Dataset514_CURVASPancreasOOF_Fold3/imagesTr/UKCHLL042_0000.nii.gz,data/nnunet_raw/Dataset514_CURVASPancreasOOF_Fold3/labelsTr/UKCHLL042.nii.gz,302bfb5afb8a1c7d869634f1aaa8d13d8d1847e6005b93d5987876453358c656,601b3d9cd24ce5ed8fb9591b8643c4dc589fda6e4ec6b61fd3a1640fa47438f7,3660d71c9db5d7f407f3649d49fb3a2c1be87feb28588e160a70aa9c74a5a316
3,514,UKCHLL043,training_set,PASS_AUTOMATED,data/extracted/curvas/training_set/UKCHLL043/image.nii.gz,data/derived/curvas/pancreas_majority_vote/UKCHLL043.nii.gz,data/nnunet_raw/Dataset501_CURVASPancreasOOF/imagesTr/UKCHLL043_0000.nii.gz,data/nnunet_raw/Dataset501_CURVASPancreasOOF/labelsTr/UKCHLL043.nii.gz,data/nnunet_raw/Dataset514_CURVASPancreasOOF_Fold3/imagesTr/UKCHLL043_0000.nii.gz,data/nnunet_raw/Dataset514_CURVASPancreasOOF_Fold3/labelsTr/UKCHLL043.nii.gz,84cfa8557f3667ac6e81d0c5a0fdb59fecc833280bf3d7196f830bc9c73ff45f,f90bf877e2ed8e0229645f152af1938840597be4f2be4cc037237c742c037329,3660d71c9db5d7f407f3649d49fb3a2c1be87feb28588e160a70aa9c74a5a316
3,514,UKCHLL045,training_set,PASS_AUTOMATED,data/extracted/curvas/training_set/UKCHLL045/image.nii.gz,data/derived/curvas/pancreas_majority_vote/UKCHLL045.nii.gz,data/nnunet_raw/Dataset501_CURVASPancreasOOF/imagesTr/UKCHLL045_0000.nii.gz,data/nnunet_raw/Dataset501_CURVASPancreasOOF/labelsTr/UKCHLL045.nii.gz,data/nnunet_raw/Dataset514_CURVASPancreasOOF_Fold3/imagesTr/UKCHLL045_0000.nii.gz,data/nnunet_raw/Dataset514_CURVASPancreasOOF_Fold3/labelsTr/UKCHLL045.nii.gz,bbffb49b47355fb4d10c255cba5af43234a61728463de77932a357252aa3cc8d,a063462bdaf532f7b1477ec23d76514db4e2cd886cc8e705a965b104ddc6e565,3660d71c9db5d7f407f3649d49fb3a2c1be87feb28588e160a70aa9c74a5a316
3,514,UKCHLL048,training_set,PASS_AUTOMATED,data/extracted/curvas/training_set/UKCHLL048/image.nii.gz,data/derived/curvas/pancreas_majority_vote/UKCHLL048.nii.gz,data/nnunet_raw/Dataset501_CURVASPancreasOOF/imagesTr/UKCHLL048_0000.nii.gz,data/nnunet_raw/Dataset501_CURVASPancreasOOF/labelsTr/UKCHLL048.nii.gz,data/nnunet_raw/Dataset514_CURVASPancreasOOF_Fold3/imagesTr/UKCHLL048_0000.nii.gz,data/nnunet_raw/Dataset514_CURVASPancreasOOF_Fold3/labelsTr/UKCHLL048.nii.gz,a76b0b794ce0f60edf0adc1afbff68b6e15a8d53bcf75218e165f66cf146d98a,60211d2a4012db87a42a520f9aa847c293edb7d11272642393f6970a549f94ae,3660d71c9db5d7f407f3649d49fb3a2c1be87feb28588e160a70aa9c74a5a316
3,514,UKCHLL049,validation_set,PASS_AUTOMATED,data/extracted/curvas/validation_set/UKCHLL049/image.nii.gz,data/derived/curvas/pancreas_majority_vote/UKCHLL049.nii.gz,data/nnunet_raw/Dataset501_CURVASPancreasOOF/imagesTr/UKCHLL049_0000.nii.gz,data/nnunet_raw/Dataset501_CURVASPancreasOOF/labelsTr/UKCHLL049.nii.gz,data/nnunet_raw/Dataset514_CURVASPancreasOOF_Fold3/imagesTr/UKCHLL049_0000.nii.gz,data/nnunet_raw/Dataset514_CURVASPancreasOOF_Fold3/labelsTr/UKCHLL049.nii.gz,6e7b025caa6b8234e626e7acf1ce1f5239aaad1bba2adb8d13dd52f9161fb9a5,83ab2827d21d948e3eceb73bac765fbc69838410a3f8aedd5580cda3111934a6,3660d71c9db5d7f407f3649d49fb3a2c1be87feb28588e160a70aa9c74a5a316
3,514,UKCHLL052,testing_set,PASS_AUTOMATED,data/extracted/curvas/testing_set/UKCHLL052/image.nii.gz,data/derived/curvas/pancreas_majority_vote/UKCHLL052.nii.gz,data/nnunet_raw/Dataset501_CURVASPancreasOOF/imagesTr/UKCHLL052_0000.nii.gz,data/nnunet_raw/Dataset501_CURVASPancreasOOF/labelsTr/UKCHLL052.nii.gz,data/nnunet_raw/Dataset514_CURVASPancreasOOF_Fold3/imagesTr/UKCHLL052_0000.nii.gz,data/nnunet_raw/Dataset514_CURVASPancreasOOF_Fold3/labelsTr/UKCHLL052.nii.gz,80d94af953c73fc57ca03a182a3277a80043e656b2ecaea2d0c2f6de4ddd1c94,43a1d750729f32dad0bf1b24d52d277c0a4865512eaf29c753a6fc91de7a83cd,3660d71c9db5d7f407f3649d49fb3a2c1be87feb28588e160a70aa9c74a5a316
3,514,UKCHLL055,testing_set,PASS_AUTOMATED,data/extracted/curvas/testing_set/UKCHLL055/image.nii.gz,data/derived/curvas/pancreas_majority_vote/UKCHLL055.nii.gz,data/nnunet_raw/Dataset501_CURVASPancreasOOF/imagesTr/UKCHLL055_0000.nii.gz,data/nnunet_raw/Dataset501_CURVASPancreasOOF/labelsTr/UKCHLL055.nii.gz,data/nnunet_raw/Dataset514_CURVASPancreasOOF_Fold3/imagesTr/UKCHLL055_0000.nii.gz,data/nnunet_raw/Dataset514_CURVASPancreasOOF_Fold3/labelsTr/UKCHLL055.nii.gz,2bb10677494eed7c2e8c3c5fd247850a2499d44247bbcaad99978808b5fe1103,39332bc4f1bf15b6d424cdb0bf05c9c02d02c1800102490fab39af0787fd6785,3660d71c9db5d7f407f3649d49fb3a2c1be87feb28588e160a70aa9c74a5a316
3,514,UKCHLL058,validation_set,PASS_AUTOMATED,data/extracted/curvas/validation_set/UKCHLL058/image.nii.gz,data/derived/curvas/pancreas_majority_vote/UKCHLL058.nii.gz,data/nnunet_raw/Dataset501_CURVASPancreasOOF/imagesTr/UKCHLL058_0000.nii.gz,data/nnunet_raw/Dataset501_CURVASPancreasOOF/labelsTr/UKCHLL058.nii.gz,data/nnunet_raw/Dataset514_CURVASPancreasOOF_Fold3/imagesTr/UKCHLL058_0000.nii.gz,data/nnunet_raw/Dataset514_CURVASPancreasOOF_Fold3/labelsTr/UKCHLL058.nii.gz,3e6e85b58fbe0b7ad0a9068435ce387e6ca469759e5a74303352ebda8e40bc9b,70a94f9fcc8221a166741084d21c1918ed060a251bd40dce5d9ecac6fb1fb3ab,3660d71c9db5d7f407f3649d49fb3a2c1be87feb28588e160a70aa9c74a5a316
3,514,UKCHLL062,testing_set,PASS_AUTOMATED,data/extracted/curvas/testing_set/UKCHLL062/image.nii.gz,data/derived/curvas/pancreas_majority_vote/UKCHLL062.nii.gz,data/nnunet_raw/Dataset501_CURVASPancreasOOF/imagesTr/UKCHLL062_0000.nii.gz,data/nnunet_raw/Dataset501_CURVASPancreasOOF/labelsTr/UKCHLL062.nii.gz,data/nnunet_raw/Dataset514_CURVASPancreasOOF_Fold3/imagesTr/UKCHLL062_0000.nii.gz,data/nnunet_raw/Dataset514_CURVASPancreasOOF_Fold3/labelsTr/UKCHLL062.nii.gz,e1ccd027d51c5cff5fae06abefaa60fae9506a53dca88abf8bcb8be1bcc60c2d,1c5a11fb254ed21d2ee9974e44feabe20c49cc15ed4056e4cfaa9f6a563d7be9,3660d71c9db5d7f407f3649d49fb3a2c1be87feb28588e160a70aa9c74a5a316
3,514,UKCHLL064,testing_set,PASS_AUTOMATED,data/extracted/curvas/testing_set/UKCHLL064/image.nii.gz,data/derived/curvas/pancreas_majority_vote/UKCHLL064.nii.gz,data/nnunet_raw/Dataset501_CURVASPancreasOOF/imagesTr/UKCHLL064_0000.nii.gz,data/nnunet_raw/Dataset501_CURVASPancreasOOF/labelsTr/UKCHLL064.nii.gz,data/nnunet_raw/Dataset514_CURVASPancreasOOF_Fold3/imagesTr/UKCHLL064_0000.nii.gz,data/nnunet_raw/Dataset514_CURVASPancreasOOF_Fold3/labelsTr/UKCHLL064.nii.gz,b3fe4e12e19081b66e1cdf34f0d6e46f26e8d56daf667091fea22d1bddcb794a,fc39c8804ccaf3a73295bbbbde2f75ba4603ab7bacd12fea7ea4a84fc3a7760f,3660d71c9db5d7f407f3649d49fb3a2c1be87feb28588e160a70aa9c74a5a316
3,514,UKCHLL067,testing_set,PASS_AUTOMATED,data/extracted/curvas/testing_set/UKCHLL067/image.nii.gz,data/derived/curvas/pancreas_majority_vote/UKCHLL067.nii.gz,data/nnunet_raw/Dataset501_CURVASPancreasOOF/imagesTr/UKCHLL067_0000.nii.gz,data/nnunet_raw/Dataset501_CURVASPancreasOOF/labelsTr/UKCHLL067.nii.gz,data/nnunet_raw/Dataset514_CURVASPancreasOOF_Fold3/imagesTr/UKCHLL067_0000.nii.gz,data/nnunet_raw/Dataset514_CURVASPancreasOOF_Fold3/labelsTr/UKCHLL067.nii.gz,37874adae69f5111faed1655edc8a3588e94f78a17215aaf7b9a1554efbda72e,69163cdafa67c0d01356da25cc6f12b97f309dd2260b3b69dfaf7fb3c91f0b93,3660d71c9db5d7f407f3649d49fb3a2c1be87feb28588e160a70aa9c74a5a316
3,514,UKCHLL069,testing_set,PASS_AUTOMATED,data/extracted/curvas/testing_set/UKCHLL069/image.nii.gz,data/derived/curvas/pancreas_majority_vote/UKCHLL069.nii.gz,data/nnunet_raw/Dataset501_CURVASPancreasOOF/imagesTr/UKCHLL069_0000.nii.gz,data/nnunet_raw/Dataset501_CURVASPancreasOOF/labelsTr/UKCHLL069.nii.gz,data/nnunet_raw/Dataset514_CURVASPancreasOOF_Fold3/imagesTr/UKCHLL069_0000.nii.gz,data/nnunet_raw/Dataset514_CURVASPancreasOOF_Fold3/labelsTr/UKCHLL069.nii.gz,a0be44c7feb1bdef8cdfec39a6b5b43eaa3d0437a231ad10ab888267e05a6019,202fe277e6b62589a862b64d0c9c4fedcf1f4162da47f1df2035042c9b1cce80,3660d71c9db5d7f407f3649d49fb3a2c1be87feb28588e160a70aa9c74a5a316
3,514,UKCHLL070,testing_set,PASS_AUTOMATED,data/extracted/curvas/testing_set/UKCHLL070/image.nii.gz,data/derived/curvas/pancreas_majority_vote/UKCHLL070.nii.gz,data/nnunet_raw/Dataset501_CURVASPancreasOOF/imagesTr/UKCHLL070_0000.nii.gz,data/nnunet_raw/Dataset501_CURVASPancreasOOF/labelsTr/UKCHLL070.nii.gz,data/nnunet_raw/Dataset514_CURVASPancreasOOF_Fold3/imagesTr/UKCHLL070_0000.nii.gz,data/nnunet_raw/Dataset514_CURVASPancreasOOF_Fold3/labelsTr/UKCHLL070.nii.gz,6ccb45b483493d4c44b935fffdc1dcc76c564261f1a20fb4b1593baa3420b581,32479b67ba06a1dd8dff230ab690f6eb5eb12ff78c5243bb6a10420d01558477,3660d71c9db5d7f407f3649d49fb3a2c1be87feb28588e160a70aa9c74a5a316
3,514,UKCHLL073,testing_set,PASS_AUTOMATED,data/extracted/curvas/testing_set/UKCHLL073/image.nii.gz,data/derived/curvas/pancreas_majority_vote/UKCHLL073.nii.gz,data/nnunet_raw/Dataset501_CURVASPancreasOOF/imagesTr/UKCHLL073_0000.nii.gz,data/nnunet_raw/Dataset501_CURVASPancreasOOF/labelsTr/UKCHLL073.nii.gz,data/nnunet_raw/Dataset514_CURVASPancreasOOF_Fold3/imagesTr/UKCHLL073_0000.nii.gz,data/nnunet_raw/Dataset514_CURVASPancreasOOF_Fold3/labelsTr/UKCHLL073.nii.gz,ecdfa5eaa30c1e2c8f4d55e4d05ec803413d8dd011d858c83c2ab85b2bbcb2ee,b27c7cb27edc8021877a2064567997c86182a934b612045daa3df56a31c0f429,3660d71c9db5d7f407f3649d49fb3a2c1be87feb28588e160a70aa9c74a5a316
3,514,UKCHLL076,testing_set,PASS_AUTOMATED,data/extracted/curvas/testing_set/UKCHLL076/image.nii.gz,data/derived/curvas/pancreas_majority_vote/UKCHLL076.nii.gz,data/nnunet_raw/Dataset501_CURVASPancreasOOF/imagesTr/UKCHLL076_0000.nii.gz,data/nnunet_raw/Dataset501_CURVASPancreasOOF/labelsTr/UKCHLL076.nii.gz,data/nnunet_raw/Dataset514_CURVASPancreasOOF_Fold3/imagesTr/UKCHLL076_0000.nii.gz,data/nnunet_raw/Dataset514_CURVASPancreasOOF_Fold3/labelsTr/UKCHLL076.nii.gz,5c04d7c633f4d8f112b0c8117b4e45262cae81fdad00d873ec738903630f25ef,ba93426973b851191ed97350b7a1d366b7667a2151fc3bd01d0598eb5f6ffa9f,3660d71c9db5d7f407f3649d49fb3a2c1be87feb28588e160a70aa9c74a5a316
3,514,UKCHLL083,testing_set,PASS_AUTOMATED,data/extracted/curvas/testing_set/UKCHLL083/image.nii.gz,data/derived/curvas/pancreas_majority_vote/UKCHLL083.nii.gz,data/nnunet_raw/Dataset501_CURVASPancreasOOF/imagesTr/UKCHLL083_0000.nii.gz,data/nnunet_raw/Dataset501_CURVASPancreasOOF/labelsTr/UKCHLL083.nii.gz,data/nnunet_raw/Dataset514_CURVASPancreasOOF_Fold3/imagesTr/UKCHLL083_0000.nii.gz,data/nnunet_raw/Dataset514_CURVASPancreasOOF_Fold3/labelsTr/UKCHLL083.nii.gz,a97af6bec99cf8899a605e8ba8552f9c760609d9585a7d05fed56a6f1ad9f796,14f0de836eb4dd5d04d8f78bfeb4ada81d8731892c831ca633dd7b4ad64524f4,3660d71c9db5d7f407f3649d49fb3a2c1be87feb28588e160a70aa9c74a5a316
3,514,UKCHLL087,testing_set,PASS_AUTOMATED,data/extracted/curvas/testing_set/UKCHLL087/image.nii.gz,data/derived/curvas/pancreas_majority_vote/UKCHLL087.nii.gz,data/nnunet_raw/Dataset501_CURVASPancreasOOF/imagesTr/UKCHLL087_0000.nii.gz,data/nnunet_raw/Dataset501_CURVASPancreasOOF/labelsTr/UKCHLL087.nii.gz,data/nnunet_raw/Dataset514_CURVASPancreasOOF_Fold3/imagesTr/UKCHLL087_0000.nii.gz,data/nnunet_raw/Dataset514_CURVASPancreasOOF_Fold3/labelsTr/UKCHLL087.nii.gz,3c4ecc345604d4d2deffb2cacb7c451345ca58f549a0b9718708fdb174fae662,85a59fa85d6adfdba53d55b510f8107f5c54034708635d78cd4cf716524b142a,3660d71c9db5d7f407f3649d49fb3a2c1be87feb28588e160a70aa9c74a5a316
3,514,UKCHLL089,testing_set,PASS_AUTOMATED,data/extracted/curvas/testing_set/UKCHLL089/image.nii.gz,data/derived/curvas/pancreas_majority_vote/UKCHLL089.nii.gz,data/nnunet_raw/Dataset501_CURVASPancreasOOF/imagesTr/UKCHLL089_0000.nii.gz,data/nnunet_raw/Dataset501_CURVASPancreasOOF/labelsTr/UKCHLL089.nii.gz,data/nnunet_raw/Dataset514_CURVASPancreasOOF_Fold3/imagesTr/UKCHLL089_0000.nii.gz,data/nnunet_raw/Dataset514_CURVASPancreasOOF_Fold3/labelsTr/UKCHLL089.nii.gz,394bb9456ec891f078a099b108c0f87f5384ee3fcfbfa86ed5b59d3c58c3872f,bb8faec771c0775272a548e6b54bb830e8fd1939dbdeb50e4aa92b80e0c4d376,3660d71c9db5d7f407f3649d49fb3a2c1be87feb28588e160a70aa9c74a5a316
3,514,UKCHLL091,testing_set,PASS_AUTOMATED,data/extracted/curvas/testing_set/UKCHLL091/image.nii.gz,data/derived/curvas/pancreas_majority_vote/UKCHLL091.nii.gz,data/nnunet_raw/Dataset501_CURVASPancreasOOF/imagesTr/UKCHLL091_0000.nii.gz,data/nnunet_raw/Dataset501_CURVASPancreasOOF/labelsTr/UKCHLL091.nii.gz,data/nnunet_raw/Dataset514_CURVASPancreasOOF_Fold3/imagesTr/UKCHLL091_0000.nii.gz,data/nnunet_raw/Dataset514_CURVASPancreasOOF_Fold3/labelsTr/UKCHLL091.nii.gz,55a7459cdffe64a60a528f2a8f3d4709977d29a6303d39f6e27fc238411a9894,ee9512e2c5a7826106ec316d9f0013a9ebfa7dc9a211ffbd3df353e67b20197f,3660d71c9db5d7f407f3649d49fb3a2c1be87feb28588e160a70aa9c74a5a316
3,514,UKCHLL092,testing_set,PASS_AUTOMATED,data/extracted/curvas/testing_set/UKCHLL092/image.nii.gz,data/derived/curvas/pancreas_majority_vote/UKCHLL092.nii.gz,data/nnunet_raw/Dataset501_CURVASPancreasOOF/imagesTr/UKCHLL092_0000.nii.gz,data/nnunet_raw/Dataset501_CURVASPancreasOOF/labelsTr/UKCHLL092.nii.gz,data/nnunet_raw/Dataset514_CURVASPancreasOOF_Fold3/imagesTr/UKCHLL092_0000.nii.gz,data/nnunet_raw/Dataset514_CURVASPancreasOOF_Fold3/labelsTr/UKCHLL092.nii.gz,eb380603961a185ed3f1fd7fe9fb5418275cad3af5ffa5222e82c3991d9df081,bcc49386d1c9602a63ded9a2e2323d5ad03517dbb4010ba31b082ef414085bfc,3660d71c9db5d7f407f3649d49fb3a2c1be87feb28588e160a70aa9c74a5a316
3,514,UKCHLL095,testing_set,PASS_AUTOMATED,data/extracted/curvas/testing_set/UKCHLL095/image.nii.gz,data/derived/curvas/pancreas_majority_vote/UKCHLL095.nii.gz,data/nnunet_raw/Dataset501_CURVASPancreasOOF/imagesTr/UKCHLL095_0000.nii.gz,data/nnunet_raw/Dataset501_CURVASPancreasOOF/labelsTr/UKCHLL095.nii.gz,data/nnunet_raw/Dataset514_CURVASPancreasOOF_Fold3/imagesTr/UKCHLL095_0000.nii.gz,data/nnunet_raw/Dataset514_CURVASPancreasOOF_Fold3/labelsTr/UKCHLL095.nii.gz,571f5023ac2f8dc19fe5259b7cc3d3f5d8c3cdc613da58ffa7584c8df8a0ee85,e7026fdde2584f85bf777e9bca17c777cfb34114e72df249a7d25d519676c51b,3660d71c9db5d7f407f3649d49fb3a2c1be87feb28588e160a70aa9c74a5a316
3,514,UKCHLL096,testing_set,PASS_AUTOMATED,data/extracted/curvas/testing_set/UKCHLL096/image.nii.gz,data/derived/curvas/pancreas_majority_vote/UKCHLL096.nii.gz,data/nnunet_raw/Dataset501_CURVASPancreasOOF/imagesTr/UKCHLL096_0000.nii.gz,data/nnunet_raw/Dataset501_CURVASPancreasOOF/labelsTr/UKCHLL096.nii.gz,data/nnunet_raw/Dataset514_CURVASPancreasOOF_Fold3/imagesTr/UKCHLL096_0000.nii.gz,data/nnunet_raw/Dataset514_CURVASPancreasOOF_Fold3/labelsTr/UKCHLL096.nii.gz,ba9dcf852165f473b17efe1f31ae0e5f3bf5a310989116126415b7456561d070,5f1317fb4589ac4cd94f046ab6d9b450029915b61f37974328a51522ee6ce809,3660d71c9db5d7f407f3649d49fb3a2c1be87feb28588e160a70aa9c74a5a316
3,514,UKCHLL099,testing_set,PASS_AUTOMATED,data/extracted/curvas/testing_set/UKCHLL099/image.nii.gz,data/derived/curvas/pancreas_majority_vote/UKCHLL099.nii.gz,data/nnunet_raw/Dataset501_CURVASPancreasOOF/imagesTr/UKCHLL099_0000.nii.gz,data/nnunet_raw/Dataset501_CURVASPancreasOOF/labelsTr/UKCHLL099.nii.gz,data/nnunet_raw/Dataset514_CURVASPancreasOOF_Fold3/imagesTr/UKCHLL099_0000.nii.gz,data/nnunet_raw/Dataset514_CURVASPancreasOOF_Fold3/labelsTr/UKCHLL099.nii.gz,03f6ceb8947ca402eba24178cc0ce886ce1eb4a1c15cf1665981f2e8c9511cd9,021023ba52a4e46262f40ce403bf1438a7f75ae1c81784d5b01b54516a7e13ea,3660d71c9db5d7f407f3649d49fb3a2c1be87feb28588e160a70aa9c74a5a316
3,514,UKCHLL102,testing_set,PASS_AUTOMATED,data/extracted/curvas/testing_set/UKCHLL102/image.nii.gz,data/derived/curvas/pancreas_majority_vote/UKCHLL102.nii.gz,data/nnunet_raw/Dataset501_CURVASPancreasOOF/imagesTr/UKCHLL102_0000.nii.gz,data/nnunet_raw/Dataset501_CURVASPancreasOOF/labelsTr/UKCHLL102.nii.gz,data/nnunet_raw/Dataset514_CURVASPancreasOOF_Fold3/imagesTr/UKCHLL102_0000.nii.gz,data/nnunet_raw/Dataset514_CURVASPancreasOOF_Fold3/labelsTr/UKCHLL102.nii.gz,e2c42cad4035e360f9feb726ce5579086b5e7da2f036036e19b58d94f9af2f20,97813a4c7f59fda9ed55d772b999c787f578651890fc40ea73eef88bd0b93f4e,3660d71c9db5d7f407f3649d49fb3a2c1be87feb28588e160a70aa9c74a5a316
3,514,UKCHLL103,testing_set,PASS_AUTOMATED,data/extracted/curvas/testing_set/UKCHLL103/image.nii.gz,data/derived/curvas/pancreas_majority_vote/UKCHLL103.nii.gz,data/nnunet_raw/Dataset501_CURVASPancreasOOF/imagesTr/UKCHLL103_0000.nii.gz,data/nnunet_raw/Dataset501_CURVASPancreasOOF/labelsTr/UKCHLL103.nii.gz,data/nnunet_raw/Dataset514_CURVASPancreasOOF_Fold3/imagesTr/UKCHLL103_0000.nii.gz,data/nnunet_raw/Dataset514_CURVASPancreasOOF_Fold3/labelsTr/UKCHLL103.nii.gz,40a29174875d4d43268b2431d0a2e09a9cdc8b962a319e495c98b5b713351bd5,1822fef3d7424d33304ce6977b3487f2abbf47a327ff96ff1a541d5c725cdf61,3660d71c9db5d7f407f3649d49fb3a2c1be87feb28588e160a70aa9c74a5a316
3,514,UKCHLL104,testing_set,PASS_AUTOMATED,data/extracted/curvas/testing_set/UKCHLL104/image.nii.gz,data/derived/curvas/pancreas_majority_vote/UKCHLL104.nii.gz,data/nnunet_raw/Dataset501_CURVASPancreasOOF/imagesTr/UKCHLL104_0000.nii.gz,data/nnunet_raw/Dataset501_CURVASPancreasOOF/labelsTr/UKCHLL104.nii.gz,data/nnunet_raw/Dataset514_CURVASPancreasOOF_Fold3/imagesTr/UKCHLL104_0000.nii.gz,data/nnunet_raw/Dataset514_CURVASPancreasOOF_Fold3/labelsTr/UKCHLL104.nii.gz,cff367f8334abac58118fad0e1499d271f3ad402e5e6906b37789f1d03e54fbe,425f6dab0d5431842364d653e5097a7acd4a5cebfb2ce168e9e2b741a216c0f4,3660d71c9db5d7f407f3649d49fb3a2c1be87feb28588e160a70aa9c74a5a316
3,514,UKCHLL105,testing_set,PASS_AUTOMATED,data/extracted/curvas/testing_set/UKCHLL105/image.nii.gz,data/derived/curvas/pancreas_majority_vote/UKCHLL105.nii.gz,data/nnunet_raw/Dataset501_CURVASPancreasOOF/imagesTr/UKCHLL105_0000.nii.gz,data/nnunet_raw/Dataset501_CURVASPancreasOOF/labelsTr/UKCHLL105.nii.gz,data/nnunet_raw/Dataset514_CURVASPancreasOOF_Fold3/imagesTr/UKCHLL105_0000.nii.gz,data/nnunet_raw/Dataset514_CURVASPancreasOOF_Fold3/labelsTr/UKCHLL105.nii.gz,c62d32f5d037366f8ea7d260c67643219f45afddbd9618e240c3937f413c53e8,fa60f05b410f958f2a837a9b0756a8edd32270d10b2a3fecbd949b042c8ae414,3660d71c9db5d7f407f3649d49fb3a2c1be87feb28588e160a70aa9c74a5a316
3,514,UKCHLL107,testing_set,PASS_AUTOMATED,data/extracted/curvas/testing_set/UKCHLL107/image.nii.gz,data/derived/curvas/pancreas_majority_vote/UKCHLL107.nii.gz,data/nnunet_raw/Dataset501_CURVASPancreasOOF/imagesTr/UKCHLL107_0000.nii.gz,data/nnunet_raw/Dataset501_CURVASPancreasOOF/labelsTr/UKCHLL107.nii.gz,data/nnunet_raw/Dataset514_CURVASPancreasOOF_Fold3/imagesTr/UKCHLL107_0000.nii.gz,data/nnunet_raw/Dataset514_CURVASPancreasOOF_Fold3/labelsTr/UKCHLL107.nii.gz,aaec8a4a1af6812e43aa201644fa05b7f88094f42b2e4d3fae2903c59fa83d36,5f0a96d1d26752b5bbc5d3d76242db610639fcf9889b5269c9d437e2e594a98f,3660d71c9db5d7f407f3649d49fb3a2c1be87feb28588e160a70aa9c74a5a316
3,514,UKCHLL108,testing_set,PASS_AUTOMATED,data/extracted/curvas/testing_set/UKCHLL108/image.nii.gz,data/derived/curvas/pancreas_majority_vote/UKCHLL108.nii.gz,data/nnunet_raw/Dataset501_CURVASPancreasOOF/imagesTr/UKCHLL108_0000.nii.gz,data/nnunet_raw/Dataset501_CURVASPancreasOOF/labelsTr/UKCHLL108.nii.gz,data/nnunet_raw/Dataset514_CURVASPancreasOOF_Fold3/imagesTr/UKCHLL108_0000.nii.gz,data/nnunet_raw/Dataset514_CURVASPancreasOOF_Fold3/labelsTr/UKCHLL108.nii.gz,e044080cf71a45e1d0c6a98fd3515f8cdbaaf76e5a4b85ad90a28e056ed58254,c342387fadc9ddeee2183fdde3d861bc6656f3bc04ce6d822946f293bd28ed88,3660d71c9db5d7f407f3649d49fb3a2c1be87feb28588e160a70aa9c74a5a316
3,514,UKCHLL110,testing_set,PASS_AUTOMATED,data/extracted/curvas/testing_set/UKCHLL110/image.nii.gz,data/derived/curvas/pancreas_majority_vote/UKCHLL110.nii.gz,data/nnunet_raw/Dataset501_CURVASPancreasOOF/imagesTr/UKCHLL110_0000.nii.gz,data/nnunet_raw/Dataset501_CURVASPancreasOOF/labelsTr/UKCHLL110.nii.gz,data/nnunet_raw/Dataset514_CURVASPancreasOOF_Fold3/imagesTr/UKCHLL110_0000.nii.gz,data/nnunet_raw/Dataset514_CURVASPancreasOOF_Fold3/labelsTr/UKCHLL110.nii.gz,5807478bac38e850ecccabd543d93750e7f83f20d9e749f330f35cd2fb1391c6,396510674168025263f8a03c4f28f87105c99240e5349035b3805ff751a56d03,3660d71c9db5d7f407f3649d49fb3a2c1be87feb28588e160a70aa9c74a5a316
3,514,UKCHLL111,testing_set,PASS_AUTOMATED,data/extracted/curvas/testing_set/UKCHLL111/image.nii.gz,data/derived/curvas/pancreas_majority_vote/UKCHLL111.nii.gz,data/nnunet_raw/Dataset501_CURVASPancreasOOF/imagesTr/UKCHLL111_0000.nii.gz,data/nnunet_raw/Dataset501_CURVASPancreasOOF/labelsTr/UKCHLL111.nii.gz,data/nnunet_raw/Dataset514_CURVASPancreasOOF_Fold3/imagesTr/UKCHLL111_0000.nii.gz,data/nnunet_raw/Dataset514_CURVASPancreasOOF_Fold3/labelsTr/UKCHLL111.nii.gz,97b23256e89961ef89236116826dc92cf16972a77d4bd7dfab3e72aebfd5ef9c,a7bdcb6aa87e4f9486efa45fa685ee864a239316d0dc3959ba952eab74c8af1a,3660d71c9db5d7f407f3649d49fb3a2c1be87feb28588e160a70aa9c74a5a316
3,514,UKCHLL113,testing_set,PASS_AUTOMATED,data/extracted/curvas/testing_set/UKCHLL113/image.nii.gz,data/derived/curvas/pancreas_majority_vote/UKCHLL113.nii.gz,data/nnunet_raw/Dataset501_CURVASPancreasOOF/imagesTr/UKCHLL113_0000.nii.gz,data/nnunet_raw/Dataset501_CURVASPancreasOOF/labelsTr/UKCHLL113.nii.gz,data/nnunet_raw/Dataset514_CURVASPancreasOOF_Fold3/imagesTr/UKCHLL113_0000.nii.gz,data/nnunet_raw/Dataset514_CURVASPancreasOOF_Fold3/labelsTr/UKCHLL113.nii.gz,ee837b2c4e3020daf390ae663f6fb8a135e456d576f99a1af0af03e24e099a37,f3f1c3b4c9b051bbe8418ee5fb430e9da4473b1dbf386088d94318a4308179dc,3660d71c9db5d7f407f3649d49fb3a2c1be87feb28588e160a70aa9c74a5a316
4,515,UKCHLL005,testing_set,PASS_AUTOMATED,data/extracted/curvas/testing_set/UKCHLL005/image.nii.gz,data/derived/curvas/pancreas_majority_vote/UKCHLL005.nii.gz,data/nnunet_raw/Dataset501_CURVASPancreasOOF/imagesTr/UKCHLL005_0000.nii.gz,data/nnunet_raw/Dataset501_CURVASPancreasOOF/labelsTr/UKCHLL005.nii.gz,data/nnunet_raw/Dataset515_CURVASPancreasOOF_Fold4/imagesTr/UKCHLL005_0000.nii.gz,data/nnunet_raw/Dataset515_CURVASPancreasOOF_Fold4/labelsTr/UKCHLL005.nii.gz,124dd4de87e3a88841a1fffb92a712c62d64040cba63bbf3fcdacf6bbe5e481f,03f09f760ca19c532f23ba406e7e7bc539dea19219fdfcf73988676f48b8d88b,3660d71c9db5d7f407f3649d49fb3a2c1be87feb28588e160a70aa9c74a5a316
4,515,UKCHLL007,testing_set,REVIEW_HEADER_MISMATCH,data/extracted/curvas/testing_set/UKCHLL007/image.nii.gz,data/derived/curvas/pancreas_majority_vote/UKCHLL007.nii.gz,data/nnunet_raw/Dataset501_CURVASPancreasOOF/imagesTr/UKCHLL007_0000.nii.gz,data/nnunet_raw/Dataset501_CURVASPancreasOOF/labelsTr/UKCHLL007.nii.gz,data/nnunet_raw/Dataset515_CURVASPancreasOOF_Fold4/imagesTr/UKCHLL007_0000.nii.gz,data/nnunet_raw/Dataset515_CURVASPancreasOOF_Fold4/labelsTr/UKCHLL007.nii.gz,1c0a4b8f0283565c309d237805f60e933502602a0d134df1d9edb5f7d9b1de4a,8fba096a7d60ef49c3e70895f619c67d13482afb8af933ff187a4d2480ebbcd9,3660d71c9db5d7f407f3649d49fb3a2c1be87feb28588e160a70aa9c74a5a316
4,515,UKCHLL009,training_set,PASS_AUTOMATED,data/extracted/curvas/training_set/UKCHLL009/image.nii.gz,data/derived/curvas/pancreas_majority_vote/UKCHLL009.nii.gz,data/nnunet_raw/Dataset501_CURVASPancreasOOF/imagesTr/UKCHLL009_0000.nii.gz,data/nnunet_raw/Dataset501_CURVASPancreasOOF/labelsTr/UKCHLL009.nii.gz,data/nnunet_raw/Dataset515_CURVASPancreasOOF_Fold4/imagesTr/UKCHLL009_0000.nii.gz,data/nnunet_raw/Dataset515_CURVASPancreasOOF_Fold4/labelsTr/UKCHLL009.nii.gz,b4f9a74a5318990e10d7d682d4202f6171258eba389ac77dd31e3ab1e987cc2b,1d9028c6e78111188e34f917afb6edd8b8fa0c9816a603a716cdd8335e6a632d,3660d71c9db5d7f407f3649d49fb3a2c1be87feb28588e160a70aa9c74a5a316
4,515,UKCHLL010,testing_set,PASS_AUTOMATED,data/extracted/curvas/testing_set/UKCHLL010/image.nii.gz,data/derived/curvas/pancreas_majority_vote/UKCHLL010.nii.gz,data/nnunet_raw/Dataset501_CURVASPancreasOOF/imagesTr/UKCHLL010_0000.nii.gz,data/nnunet_raw/Dataset501_CURVASPancreasOOF/labelsTr/UKCHLL010.nii.gz,data/nnunet_raw/Dataset515_CURVASPancreasOOF_Fold4/imagesTr/UKCHLL010_0000.nii.gz,data/nnunet_raw/Dataset515_CURVASPancreasOOF_Fold4/labelsTr/UKCHLL010.nii.gz,4c0ad482cfad700b165c8c4842809f9a7f21c7db002a91c2d26d44fe8d3877e8,870909d36245480d18b1447154463db1556019b5def5e6117203d155a5c05a45,3660d71c9db5d7f407f3649d49fb3a2c1be87feb28588e160a70aa9c74a5a316
4,515,UKCHLL025,testing_set,PASS_AUTOMATED,data/extracted/curvas/testing_set/UKCHLL025/image.nii.gz,data/derived/curvas/pancreas_majority_vote/UKCHLL025.nii.gz,data/nnunet_raw/Dataset501_CURVASPancreasOOF/imagesTr/UKCHLL025_0000.nii.gz,data/nnunet_raw/Dataset501_CURVASPancreasOOF/labelsTr/UKCHLL025.nii.gz,data/nnunet_raw/Dataset515_CURVASPancreasOOF_Fold4/imagesTr/UKCHLL025_0000.nii.gz,data/nnunet_raw/Dataset515_CURVASPancreasOOF_Fold4/labelsTr/UKCHLL025.nii.gz,58f5fa80cc7b90a4d33e2143f48534617cc67bc07c92cf37ebc98badcd1a08c9,40b403c443246f1d9eebdbd94fd860b1fd0b8d53e40ef8539e56653934e3dc23,3660d71c9db5d7f407f3649d49fb3a2c1be87feb28588e160a70aa9c74a5a316
4,515,UKCHLL026,testing_set,PASS_AUTOMATED,data/extracted/curvas/testing_set/UKCHLL026/image.nii.gz,data/derived/curvas/pancreas_majority_vote/UKCHLL026.nii.gz,data/nnunet_raw/Dataset501_CURVASPancreasOOF/imagesTr/UKCHLL026_0000.nii.gz,data/nnunet_raw/Dataset501_CURVASPancreasOOF/labelsTr/UKCHLL026.nii.gz,data/nnunet_raw/Dataset515_CURVASPancreasOOF_Fold4/imagesTr/UKCHLL026_0000.nii.gz,data/nnunet_raw/Dataset515_CURVASPancreasOOF_Fold4/labelsTr/UKCHLL026.nii.gz,b5207bbfd0e1463041c8f3bcfad60f9930ea7f3e05b9a213422b5206a09dfdf6,0986c42e137767f646209e035dbf2c725bc4bd9f9c7a98f4700174142c347f60,3660d71c9db5d7f407f3649d49fb3a2c1be87feb28588e160a70aa9c74a5a316
4,515,UKCHLL027,testing_set,PASS_AUTOMATED,data/extracted/curvas/testing_set/UKCHLL027/image.nii.gz,data/derived/curvas/pancreas_majority_vote/UKCHLL027.nii.gz,data/nnunet_raw/Dataset501_CURVASPancreasOOF/imagesTr/UKCHLL027_0000.nii.gz,data/nnunet_raw/Dataset501_CURVASPancreasOOF/labelsTr/UKCHLL027.nii.gz,data/nnunet_raw/Dataset515_CURVASPancreasOOF_Fold4/imagesTr/UKCHLL027_0000.nii.gz,data/nnunet_raw/Dataset515_CURVASPancreasOOF_Fold4/labelsTr/UKCHLL027.nii.gz,90df38d2e5dd0a6d2a6513b7f6427ce6c8b0c1c11a2b4a7e75e5f76756dabfd2,36b844a2a2de9ef0e89e0f0cc7087854e935b12c4a7a4d8f45ee8d61462fbd76,3660d71c9db5d7f407f3649d49fb3a2c1be87feb28588e160a70aa9c74a5a316
4,515,UKCHLL028,testing_set,PASS_AUTOMATED,data/extracted/curvas/testing_set/UKCHLL028/image.nii.gz,data/derived/curvas/pancreas_majority_vote/UKCHLL028.nii.gz,data/nnunet_raw/Dataset501_CURVASPancreasOOF/imagesTr/UKCHLL028_0000.nii.gz,data/nnunet_raw/Dataset501_CURVASPancreasOOF/labelsTr/UKCHLL028.nii.gz,data/nnunet_raw/Dataset515_CURVASPancreasOOF_Fold4/imagesTr/UKCHLL028_0000.nii.gz,data/nnunet_raw/Dataset515_CURVASPancreasOOF_Fold4/labelsTr/UKCHLL028.nii.gz,3fb47799d5732a4a61451eb10c14653ba70c4770098fcd32ce124c174d4436e5,4aa767421c98660e763532b8e0e4d135fb48dc195ea90903eca24d40e5821789,3660d71c9db5d7f407f3649d49fb3a2c1be87feb28588e160a70aa9c74a5a316
4,515,UKCHLL031,training_set,PASS_AUTOMATED,data/extracted/curvas/training_set/UKCHLL031/image.nii.gz,data/derived/curvas/pancreas_majority_vote/UKCHLL031.nii.gz,data/nnunet_raw/Dataset501_CURVASPancreasOOF/imagesTr/UKCHLL031_0000.nii.gz,data/nnunet_raw/Dataset501_CURVASPancreasOOF/labelsTr/UKCHLL031.nii.gz,data/nnunet_raw/Dataset515_CURVASPancreasOOF_Fold4/imagesTr/UKCHLL031_0000.nii.gz,data/nnunet_raw/Dataset515_CURVASPancreasOOF_Fold4/labelsTr/UKCHLL031.nii.gz,4577acc8be895ee17f919cbc4212588b4cbeede1faa0912aa2683d0633a35e11,d1adc26fec7b81e668f552377dcd2dc24aa57f3d11aeed19a0c5074fcc7056ff,3660d71c9db5d7f407f3649d49fb3a2c1be87feb28588e160a70aa9c74a5a316
4,515,UKCHLL034,training_set,PASS_AUTOMATED,data/extracted/curvas/training_set/UKCHLL034/image.nii.gz,data/derived/curvas/pancreas_majority_vote/UKCHLL034.nii.gz,data/nnunet_raw/Dataset501_CURVASPancreasOOF/imagesTr/UKCHLL034_0000.nii.gz,data/nnunet_raw/Dataset501_CURVASPancreasOOF/labelsTr/UKCHLL034.nii.gz,data/nnunet_raw/Dataset515_CURVASPancreasOOF_Fold4/imagesTr/UKCHLL034_0000.nii.gz,data/nnunet_raw/Dataset515_CURVASPancreasOOF_Fold4/labelsTr/UKCHLL034.nii.gz,3365b638099e75fa63650b9b28bb8760aa5f14b658beab1b3e13f0b0c9f398ca,7ace59d93fb8a7d7f6319161a4ee10e9b9f98bb3ae9ac2d92ea3361e2332627b,3660d71c9db5d7f407f3649d49fb3a2c1be87feb28588e160a70aa9c74a5a316
4,515,UKCHLL035,training_set,PASS_AUTOMATED,data/extracted/curvas/training_set/UKCHLL035/image.nii.gz,data/derived/curvas/pancreas_majority_vote/UKCHLL035.nii.gz,data/nnunet_raw/Dataset501_CURVASPancreasOOF/imagesTr/UKCHLL035_0000.nii.gz,data/nnunet_raw/Dataset501_CURVASPancreasOOF/labelsTr/UKCHLL035.nii.gz,data/nnunet_raw/Dataset515_CURVASPancreasOOF_Fold4/imagesTr/UKCHLL035_0000.nii.gz,data/nnunet_raw/Dataset515_CURVASPancreasOOF_Fold4/labelsTr/UKCHLL035.nii.gz,dd5d573fd303c50c7b0ce91a1f24b847d7d89b0fdd44c69404690af9a2f2e152,7cefb320dc36155396a6ecbb708016abf46120e9274da3d681354fe8b5173840,3660d71c9db5d7f407f3649d49fb3a2c1be87feb28588e160a70aa9c74a5a316
4,515,UKCHLL038,training_set,PASS_AUTOMATED,data/extracted/curvas/training_set/UKCHLL038/image.nii.gz,data/derived/curvas/pancreas_majority_vote/UKCHLL038.nii.gz,data/nnunet_raw/Dataset501_CURVASPancreasOOF/imagesTr/UKCHLL038_0000.nii.gz,data/nnunet_raw/Dataset501_CURVASPancreasOOF/labelsTr/UKCHLL038.nii.gz,data/nnunet_raw/Dataset515_CURVASPancreasOOF_Fold4/imagesTr/UKCHLL038_0000.nii.gz,data/nnunet_raw/Dataset515_CURVASPancreasOOF_Fold4/labelsTr/UKCHLL038.nii.gz,c118a52e26e5c1bacb99d2c5ce566d6293c3eb5bda6c1759181bea5b7ce06c24,5609b9097f7c3c44d9acf186ba9d07b9db73036bcb399ab4f5f12048e5b953c5,3660d71c9db5d7f407f3649d49fb3a2c1be87feb28588e160a70aa9c74a5a316
4,515,UKCHLL041,training_set,PASS_AUTOMATED,data/extracted/curvas/training_set/UKCHLL041/image.nii.gz,data/derived/curvas/pancreas_majority_vote/UKCHLL041.nii.gz,data/nnunet_raw/Dataset501_CURVASPancreasOOF/imagesTr/UKCHLL041_0000.nii.gz,data/nnunet_raw/Dataset501_CURVASPancreasOOF/labelsTr/UKCHLL041.nii.gz,data/nnunet_raw/Dataset515_CURVASPancreasOOF_Fold4/imagesTr/UKCHLL041_0000.nii.gz,data/nnunet_raw/Dataset515_CURVASPancreasOOF_Fold4/labelsTr/UKCHLL041.nii.gz,0388e1421e99fca4fc03fff4bcf2c782ba81099a53bad7023d27cf27e6b6c7de,0b83b28ae6afeb4e796ed1f77a9c0942122da171fac96d21f0881317f442bca8,3660d71c9db5d7f407f3649d49fb3a2c1be87feb28588e160a70aa9c74a5a316
4,515,UKCHLL042,training_set,PASS_AUTOMATED,data/extracted/curvas/training_set/UKCHLL042/image.nii.gz,data/derived/curvas/pancreas_majority_vote/UKCHLL042.nii.gz,data/nnunet_raw/Dataset501_CURVASPancreasOOF/imagesTr/UKCHLL042_0000.nii.gz,data/nnunet_raw/Dataset501_CURVASPancreasOOF/labelsTr/UKCHLL042.nii.gz,data/nnunet_raw/Dataset515_CURVASPancreasOOF_Fold4/imagesTr/UKCHLL042_0000.nii.gz,data/nnunet_raw/Dataset515_CURVASPancreasOOF_Fold4/labelsTr/UKCHLL042.nii.gz,302bfb5afb8a1c7d869634f1aaa8d13d8d1847e6005b93d5987876453358c656,601b3d9cd24ce5ed8fb9591b8643c4dc589fda6e4ec6b61fd3a1640fa47438f7,3660d71c9db5d7f407f3649d49fb3a2c1be87feb28588e160a70aa9c74a5a316
4,515,UKCHLL043,training_set,PASS_AUTOMATED,data/extracted/curvas/training_set/UKCHLL043/image.nii.gz,data/derived/curvas/pancreas_majority_vote/UKCHLL043.nii.gz,data/nnunet_raw/Dataset501_CURVASPancreasOOF/imagesTr/UKCHLL043_0000.nii.gz,data/nnunet_raw/Dataset501_CURVASPancreasOOF/labelsTr/UKCHLL043.nii.gz,data/nnunet_raw/Dataset515_CURVASPancreasOOF_Fold4/imagesTr/UKCHLL043_0000.nii.gz,data/nnunet_raw/Dataset515_CURVASPancreasOOF_Fold4/labelsTr/UKCHLL043.nii.gz,84cfa8557f3667ac6e81d0c5a0fdb59fecc833280bf3d7196f830bc9c73ff45f,f90bf877e2ed8e0229645f152af1938840597be4f2be4cc037237c742c037329,3660d71c9db5d7f407f3649d49fb3a2c1be87feb28588e160a70aa9c74a5a316
4,515,UKCHLL045,training_set,PASS_AUTOMATED,data/extracted/curvas/training_set/UKCHLL045/image.nii.gz,data/derived/curvas/pancreas_majority_vote/UKCHLL045.nii.gz,data/nnunet_raw/Dataset501_CURVASPancreasOOF/imagesTr/UKCHLL045_0000.nii.gz,data/nnunet_raw/Dataset501_CURVASPancreasOOF/labelsTr/UKCHLL045.nii.gz,data/nnunet_raw/Dataset515_CURVASPancreasOOF_Fold4/imagesTr/UKCHLL045_0000.nii.gz,data/nnunet_raw/Dataset515_CURVASPancreasOOF_Fold4/labelsTr/UKCHLL045.nii.gz,bbffb49b47355fb4d10c255cba5af43234a61728463de77932a357252aa3cc8d,a063462bdaf532f7b1477ec23d76514db4e2cd886cc8e705a965b104ddc6e565,3660d71c9db5d7f407f3649d49fb3a2c1be87feb28588e160a70aa9c74a5a316
4,515,UKCHLL048,training_set,PASS_AUTOMATED,data/extracted/curvas/training_set/UKCHLL048/image.nii.gz,data/derived/curvas/pancreas_majority_vote/UKCHLL048.nii.gz,data/nnunet_raw/Dataset501_CURVASPancreasOOF/imagesTr/UKCHLL048_0000.nii.gz,data/nnunet_raw/Dataset501_CURVASPancreasOOF/labelsTr/UKCHLL048.nii.gz,data/nnunet_raw/Dataset515_CURVASPancreasOOF_Fold4/imagesTr/UKCHLL048_0000.nii.gz,data/nnunet_raw/Dataset515_CURVASPancreasOOF_Fold4/labelsTr/UKCHLL048.nii.gz,a76b0b794ce0f60edf0adc1afbff68b6e15a8d53bcf75218e165f66cf146d98a,60211d2a4012db87a42a520f9aa847c293edb7d11272642393f6970a549f94ae,3660d71c9db5d7f407f3649d49fb3a2c1be87feb28588e160a70aa9c74a5a316
4,515,UKCHLL049,validation_set,PASS_AUTOMATED,data/extracted/curvas/validation_set/UKCHLL049/image.nii.gz,data/derived/curvas/pancreas_majority_vote/UKCHLL049.nii.gz,data/nnunet_raw/Dataset501_CURVASPancreasOOF/imagesTr/UKCHLL049_0000.nii.gz,data/nnunet_raw/Dataset501_CURVASPancreasOOF/labelsTr/UKCHLL049.nii.gz,data/nnunet_raw/Dataset515_CURVASPancreasOOF_Fold4/imagesTr/UKCHLL049_0000.nii.gz,data/nnunet_raw/Dataset515_CURVASPancreasOOF_Fold4/labelsTr/UKCHLL049.nii.gz,6e7b025caa6b8234e626e7acf1ce1f5239aaad1bba2adb8d13dd52f9161fb9a5,83ab2827d21d948e3eceb73bac765fbc69838410a3f8aedd5580cda3111934a6,3660d71c9db5d7f407f3649d49fb3a2c1be87feb28588e160a70aa9c74a5a316
4,515,UKCHLL051,validation_set,PASS_AUTOMATED,data/extracted/curvas/validation_set/UKCHLL051/image.nii.gz,data/derived/curvas/pancreas_majority_vote/UKCHLL051.nii.gz,data/nnunet_raw/Dataset501_CURVASPancreasOOF/imagesTr/UKCHLL051_0000.nii.gz,data/nnunet_raw/Dataset501_CURVASPancreasOOF/labelsTr/UKCHLL051.nii.gz,data/nnunet_raw/Dataset515_CURVASPancreasOOF_Fold4/imagesTr/UKCHLL051_0000.nii.gz,data/nnunet_raw/Dataset515_CURVASPancreasOOF_Fold4/labelsTr/UKCHLL051.nii.gz,707fd4328bc221325de6816119b598c80caaa9dd249cc8c94fa2294c3f7fcc79,196b0a420ad07cf379cedecea236e5e7dd79ca09289dbeaa45ead7d09ba7818e,3660d71c9db5d7f407f3649d49fb3a2c1be87feb28588e160a70aa9c74a5a316
4,515,UKCHLL066,testing_set,PASS_AUTOMATED,data/extracted/curvas/testing_set/UKCHLL066/image.nii.gz,data/derived/curvas/pancreas_majority_vote/UKCHLL066.nii.gz,data/nnunet_raw/Dataset501_CURVASPancreasOOF/imagesTr/UKCHLL066_0000.nii.gz,data/nnunet_raw/Dataset501_CURVASPancreasOOF/labelsTr/UKCHLL066.nii.gz,data/nnunet_raw/Dataset515_CURVASPancreasOOF_Fold4/imagesTr/UKCHLL066_0000.nii.gz,data/nnunet_raw/Dataset515_CURVASPancreasOOF_Fold4/labelsTr/UKCHLL066.nii.gz,1ba3f5f77ac48295bf1a9914c782fb7c904885312f9181658f2aa69b0ad5dc20,dad666452118a93254b1e48339c3e99f289094039a5803b6a2145f6e9d596762,3660d71c9db5d7f407f3649d49fb3a2c1be87feb28588e160a70aa9c74a5a316
4,515,UKCHLL067,testing_set,PASS_AUTOMATED,data/extracted/curvas/testing_set/UKCHLL067/image.nii.gz,data/derived/curvas/pancreas_majority_vote/UKCHLL067.nii.gz,data/nnunet_raw/Dataset501_CURVASPancreasOOF/imagesTr/UKCHLL067_0000.nii.gz,data/nnunet_raw/Dataset501_CURVASPancreasOOF/labelsTr/UKCHLL067.nii.gz,data/nnunet_raw/Dataset515_CURVASPancreasOOF_Fold4/imagesTr/UKCHLL067_0000.nii.gz,data/nnunet_raw/Dataset515_CURVASPancreasOOF_Fold4/labelsTr/UKCHLL067.nii.gz,37874adae69f5111faed1655edc8a3588e94f78a17215aaf7b9a1554efbda72e,69163cdafa67c0d01356da25cc6f12b97f309dd2260b3b69dfaf7fb3c91f0b93,3660d71c9db5d7f407f3649d49fb3a2c1be87feb28588e160a70aa9c74a5a316
4,515,UKCHLL069,testing_set,PASS_AUTOMATED,data/extracted/curvas/testing_set/UKCHLL069/image.nii.gz,data/derived/curvas/pancreas_majority_vote/UKCHLL069.nii.gz,data/nnunet_raw/Dataset501_CURVASPancreasOOF/imagesTr/UKCHLL069_0000.nii.gz,data/nnunet_raw/Dataset501_CURVASPancreasOOF/labelsTr/UKCHLL069.nii.gz,data/nnunet_raw/Dataset515_CURVASPancreasOOF_Fold4/imagesTr/UKCHLL069_0000.nii.gz,data/nnunet_raw/Dataset515_CURVASPancreasOOF_Fold4/labelsTr/UKCHLL069.nii.gz,a0be44c7feb1bdef8cdfec39a6b5b43eaa3d0437a231ad10ab888267e05a6019,202fe277e6b62589a862b64d0c9c4fedcf1f4162da47f1df2035042c9b1cce80,3660d71c9db5d7f407f3649d49fb3a2c1be87feb28588e160a70aa9c74a5a316
4,515,UKCHLL070,testing_set,PASS_AUTOMATED,data/extracted/curvas/testing_set/UKCHLL070/image.nii.gz,data/derived/curvas/pancreas_majority_vote/UKCHLL070.nii.gz,data/nnunet_raw/Dataset501_CURVASPancreasOOF/imagesTr/UKCHLL070_0000.nii.gz,data/nnunet_raw/Dataset501_CURVASPancreasOOF/labelsTr/UKCHLL070.nii.gz,data/nnunet_raw/Dataset515_CURVASPancreasOOF_Fold4/imagesTr/UKCHLL070_0000.nii.gz,data/nnunet_raw/Dataset515_CURVASPancreasOOF_Fold4/labelsTr/UKCHLL070.nii.gz,6ccb45b483493d4c44b935fffdc1dcc76c564261f1a20fb4b1593baa3420b581,32479b67ba06a1dd8dff230ab690f6eb5eb12ff78c5243bb6a10420d01558477,3660d71c9db5d7f407f3649d49fb3a2c1be87feb28588e160a70aa9c74a5a316
4,515,UKCHLL073,testing_set,PASS_AUTOMATED,data/extracted/curvas/testing_set/UKCHLL073/image.nii.gz,data/derived/curvas/pancreas_majority_vote/UKCHLL073.nii.gz,data/nnunet_raw/Dataset501_CURVASPancreasOOF/imagesTr/UKCHLL073_0000.nii.gz,data/nnunet_raw/Dataset501_CURVASPancreasOOF/labelsTr/UKCHLL073.nii.gz,data/nnunet_raw/Dataset515_CURVASPancreasOOF_Fold4/imagesTr/UKCHLL073_0000.nii.gz,data/nnunet_raw/Dataset515_CURVASPancreasOOF_Fold4/labelsTr/UKCHLL073.nii.gz,ecdfa5eaa30c1e2c8f4d55e4d05ec803413d8dd011d858c83c2ab85b2bbcb2ee,b27c7cb27edc8021877a2064567997c86182a934b612045daa3df56a31c0f429,3660d71c9db5d7f407f3649d49fb3a2c1be87feb28588e160a70aa9c74a5a316
4,515,UKCHLL076,testing_set,PASS_AUTOMATED,data/extracted/curvas/testing_set/UKCHLL076/image.nii.gz,data/derived/curvas/pancreas_majority_vote/UKCHLL076.nii.gz,data/nnunet_raw/Dataset501_CURVASPancreasOOF/imagesTr/UKCHLL076_0000.nii.gz,data/nnunet_raw/Dataset501_CURVASPancreasOOF/labelsTr/UKCHLL076.nii.gz,data/nnunet_raw/Dataset515_CURVASPancreasOOF_Fold4/imagesTr/UKCHLL076_0000.nii.gz,data/nnunet_raw/Dataset515_CURVASPancreasOOF_Fold4/labelsTr/UKCHLL076.nii.gz,5c04d7c633f4d8f112b0c8117b4e45262cae81fdad00d873ec738903630f25ef,ba93426973b851191ed97350b7a1d366b7667a2151fc3bd01d0598eb5f6ffa9f,3660d71c9db5d7f407f3649d49fb3a2c1be87feb28588e160a70aa9c74a5a316
4,515,UKCHLL077,testing_set,PASS_AUTOMATED,data/extracted/curvas/testing_set/UKCHLL077/image.nii.gz,data/derived/curvas/pancreas_majority_vote/UKCHLL077.nii.gz,data/nnunet_raw/Dataset501_CURVASPancreasOOF/imagesTr/UKCHLL077_0000.nii.gz,data/nnunet_raw/Dataset501_CURVASPancreasOOF/labelsTr/UKCHLL077.nii.gz,data/nnunet_raw/Dataset515_CURVASPancreasOOF_Fold4/imagesTr/UKCHLL077_0000.nii.gz,data/nnunet_raw/Dataset515_CURVASPancreasOOF_Fold4/labelsTr/UKCHLL077.nii.gz,dd68840f64830dd02989d2f78b5f495f7d5ec6093775c450be302f6425182112,2f05a6f548419312953a2fb687b9dc921fb415f3dcef1500702d381be51d0912,3660d71c9db5d7f407f3649d49fb3a2c1be87feb28588e160a70aa9c74a5a316
4,515,UKCHLL078,testing_set,PASS_AUTOMATED,data/extracted/curvas/testing_set/UKCHLL078/image.nii.gz,data/derived/curvas/pancreas_majority_vote/UKCHLL078.nii.gz,data/nnunet_raw/Dataset501_CURVASPancreasOOF/imagesTr/UKCHLL078_0000.nii.gz,data/nnunet_raw/Dataset501_CURVASPancreasOOF/labelsTr/UKCHLL078.nii.gz,data/nnunet_raw/Dataset515_CURVASPancreasOOF_Fold4/imagesTr/UKCHLL078_0000.nii.gz,data/nnunet_raw/Dataset515_CURVASPancreasOOF_Fold4/labelsTr/UKCHLL078.nii.gz,d8b8ec16d3fc8fc498efa77759450ddb951991a4d3f014dd90b83e9c278398ba,fe73f898c3bf769fe2822beb4279acc58c4f8331a6bc7e8ae083db8de7aa5265,3660d71c9db5d7f407f3649d49fb3a2c1be87feb28588e160a70aa9c74a5a316
4,515,UKCHLL083,testing_set,PASS_AUTOMATED,data/extracted/curvas/testing_set/UKCHLL083/image.nii.gz,data/derived/curvas/pancreas_majority_vote/UKCHLL083.nii.gz,data/nnunet_raw/Dataset501_CURVASPancreasOOF/imagesTr/UKCHLL083_0000.nii.gz,data/nnunet_raw/Dataset501_CURVASPancreasOOF/labelsTr/UKCHLL083.nii.gz,data/nnunet_raw/Dataset515_CURVASPancreasOOF_Fold4/imagesTr/UKCHLL083_0000.nii.gz,data/nnunet_raw/Dataset515_CURVASPancreasOOF_Fold4/labelsTr/UKCHLL083.nii.gz,a97af6bec99cf8899a605e8ba8552f9c760609d9585a7d05fed56a6f1ad9f796,14f0de836eb4dd5d04d8f78bfeb4ada81d8731892c831ca633dd7b4ad64524f4,3660d71c9db5d7f407f3649d49fb3a2c1be87feb28588e160a70aa9c74a5a316
4,515,UKCHLL084,testing_set,PASS_AUTOMATED,data/extracted/curvas/testing_set/UKCHLL084/image.nii.gz,data/derived/curvas/pancreas_majority_vote/UKCHLL084.nii.gz,data/nnunet_raw/Dataset501_CURVASPancreasOOF/imagesTr/UKCHLL084_0000.nii.gz,data/nnunet_raw/Dataset501_CURVASPancreasOOF/labelsTr/UKCHLL084.nii.gz,data/nnunet_raw/Dataset515_CURVASPancreasOOF_Fold4/imagesTr/UKCHLL084_0000.nii.gz,data/nnunet_raw/Dataset515_CURVASPancreasOOF_Fold4/labelsTr/UKCHLL084.nii.gz,4889713911cea6d34819e34155cdaef330ea573fc85ba86add3366f11fa10dfd,4307b5f9e686351bcb8546dbe0cc6e970fc0a050324a241126003d5305964dd0,3660d71c9db5d7f407f3649d49fb3a2c1be87feb28588e160a70aa9c74a5a316
4,515,UKCHLL087,testing_set,PASS_AUTOMATED,data/extracted/curvas/testing_set/UKCHLL087/image.nii.gz,data/derived/curvas/pancreas_majority_vote/UKCHLL087.nii.gz,data/nnunet_raw/Dataset501_CURVASPancreasOOF/imagesTr/UKCHLL087_0000.nii.gz,data/nnunet_raw/Dataset501_CURVASPancreasOOF/labelsTr/UKCHLL087.nii.gz,data/nnunet_raw/Dataset515_CURVASPancreasOOF_Fold4/imagesTr/UKCHLL087_0000.nii.gz,data/nnunet_raw/Dataset515_CURVASPancreasOOF_Fold4/labelsTr/UKCHLL087.nii.gz,3c4ecc345604d4d2deffb2cacb7c451345ca58f549a0b9718708fdb174fae662,85a59fa85d6adfdba53d55b510f8107f5c54034708635d78cd4cf716524b142a,3660d71c9db5d7f407f3649d49fb3a2c1be87feb28588e160a70aa9c74a5a316
4,515,UKCHLL089,testing_set,PASS_AUTOMATED,data/extracted/curvas/testing_set/UKCHLL089/image.nii.gz,data/derived/curvas/pancreas_majority_vote/UKCHLL089.nii.gz,data/nnunet_raw/Dataset501_CURVASPancreasOOF/imagesTr/UKCHLL089_0000.nii.gz,data/nnunet_raw/Dataset501_CURVASPancreasOOF/labelsTr/UKCHLL089.nii.gz,data/nnunet_raw/Dataset515_CURVASPancreasOOF_Fold4/imagesTr/UKCHLL089_0000.nii.gz,data/nnunet_raw/Dataset515_CURVASPancreasOOF_Fold4/labelsTr/UKCHLL089.nii.gz,394bb9456ec891f078a099b108c0f87f5384ee3fcfbfa86ed5b59d3c58c3872f,bb8faec771c0775272a548e6b54bb830e8fd1939dbdeb50e4aa92b80e0c4d376,3660d71c9db5d7f407f3649d49fb3a2c1be87feb28588e160a70aa9c74a5a316
4,515,UKCHLL091,testing_set,PASS_AUTOMATED,data/extracted/curvas/testing_set/UKCHLL091/image.nii.gz,data/derived/curvas/pancreas_majority_vote/UKCHLL091.nii.gz,data/nnunet_raw/Dataset501_CURVASPancreasOOF/imagesTr/UKCHLL091_0000.nii.gz,data/nnunet_raw/Dataset501_CURVASPancreasOOF/labelsTr/UKCHLL091.nii.gz,data/nnunet_raw/Dataset515_CURVASPancreasOOF_Fold4/imagesTr/UKCHLL091_0000.nii.gz,data/nnunet_raw/Dataset515_CURVASPancreasOOF_Fold4/labelsTr/UKCHLL091.nii.gz,55a7459cdffe64a60a528f2a8f3d4709977d29a6303d39f6e27fc238411a9894,ee9512e2c5a7826106ec316d9f0013a9ebfa7dc9a211ffbd3df353e67b20197f,3660d71c9db5d7f407f3649d49fb3a2c1be87feb28588e160a70aa9c74a5a316
4,515,UKCHLL092,testing_set,PASS_AUTOMATED,data/extracted/curvas/testing_set/UKCHLL092/image.nii.gz,data/derived/curvas/pancreas_majority_vote/UKCHLL092.nii.gz,data/nnunet_raw/Dataset501_CURVASPancreasOOF/imagesTr/UKCHLL092_0000.nii.gz,data/nnunet_raw/Dataset501_CURVASPancreasOOF/labelsTr/UKCHLL092.nii.gz,data/nnunet_raw/Dataset515_CURVASPancreasOOF_Fold4/imagesTr/UKCHLL092_0000.nii.gz,data/nnunet_raw/Dataset515_CURVASPancreasOOF_Fold4/labelsTr/UKCHLL092.nii.gz,eb380603961a185ed3f1fd7fe9fb5418275cad3af5ffa5222e82c3991d9df081,bcc49386d1c9602a63ded9a2e2323d5ad03517dbb4010ba31b082ef414085bfc,3660d71c9db5d7f407f3649d49fb3a2c1be87feb28588e160a70aa9c74a5a316
4,515,UKCHLL094,testing_set,PASS_AUTOMATED,data/extracted/curvas/testing_set/UKCHLL094/image.nii.gz,data/derived/curvas/pancreas_majority_vote/UKCHLL094.nii.gz,data/nnunet_raw/Dataset501_CURVASPancreasOOF/imagesTr/UKCHLL094_0000.nii.gz,data/nnunet_raw/Dataset501_CURVASPancreasOOF/labelsTr/UKCHLL094.nii.gz,data/nnunet_raw/Dataset515_CURVASPancreasOOF_Fold4/imagesTr/UKCHLL094_0000.nii.gz,data/nnunet_raw/Dataset515_CURVASPancreasOOF_Fold4/labelsTr/UKCHLL094.nii.gz,0a342cf0b0090aa9b409fa4b2f413c41e20d6c5a4a30700a6cdf2c40447f729f,4bbed68dbf6a3fcf97eb402f3114590e3351d2497803dc2080d05b611007e999,3660d71c9db5d7f407f3649d49fb3a2c1be87feb28588e160a70aa9c74a5a316
4,515,UKCHLL095,testing_set,PASS_AUTOMATED,data/extracted/curvas/testing_set/UKCHLL095/image.nii.gz,data/derived/curvas/pancreas_majority_vote/UKCHLL095.nii.gz,data/nnunet_raw/Dataset501_CURVASPancreasOOF/imagesTr/UKCHLL095_0000.nii.gz,data/nnunet_raw/Dataset501_CURVASPancreasOOF/labelsTr/UKCHLL095.nii.gz,data/nnunet_raw/Dataset515_CURVASPancreasOOF_Fold4/imagesTr/UKCHLL095_0000.nii.gz,data/nnunet_raw/Dataset515_CURVASPancreasOOF_Fold4/labelsTr/UKCHLL095.nii.gz,571f5023ac2f8dc19fe5259b7cc3d3f5d8c3cdc613da58ffa7584c8df8a0ee85,e7026fdde2584f85bf777e9bca17c777cfb34114e72df249a7d25d519676c51b,3660d71c9db5d7f407f3649d49fb3a2c1be87feb28588e160a70aa9c74a5a316
4,515,UKCHLL096,testing_set,PASS_AUTOMATED,data/extracted/curvas/testing_set/UKCHLL096/image.nii.gz,data/derived/curvas/pancreas_majority_vote/UKCHLL096.nii.gz,data/nnunet_raw/Dataset501_CURVASPancreasOOF/imagesTr/UKCHLL096_0000.nii.gz,data/nnunet_raw/Dataset501_CURVASPancreasOOF/labelsTr/UKCHLL096.nii.gz,data/nnunet_raw/Dataset515_CURVASPancreasOOF_Fold4/imagesTr/UKCHLL096_0000.nii.gz,data/nnunet_raw/Dataset515_CURVASPancreasOOF_Fold4/labelsTr/UKCHLL096.nii.gz,ba9dcf852165f473b17efe1f31ae0e5f3bf5a310989116126415b7456561d070,5f1317fb4589ac4cd94f046ab6d9b450029915b61f37974328a51522ee6ce809,3660d71c9db5d7f407f3649d49fb3a2c1be87feb28588e160a70aa9c74a5a316
4,515,UKCHLL099,testing_set,PASS_AUTOMATED,data/extracted/curvas/testing_set/UKCHLL099/image.nii.gz,data/derived/curvas/pancreas_majority_vote/UKCHLL099.nii.gz,data/nnunet_raw/Dataset501_CURVASPancreasOOF/imagesTr/UKCHLL099_0000.nii.gz,data/nnunet_raw/Dataset501_CURVASPancreasOOF/labelsTr/UKCHLL099.nii.gz,data/nnunet_raw/Dataset515_CURVASPancreasOOF_Fold4/imagesTr/UKCHLL099_0000.nii.gz,data/nnunet_raw/Dataset515_CURVASPancreasOOF_Fold4/labelsTr/UKCHLL099.nii.gz,03f6ceb8947ca402eba24178cc0ce886ce1eb4a1c15cf1665981f2e8c9511cd9,021023ba52a4e46262f40ce403bf1438a7f75ae1c81784d5b01b54516a7e13ea,3660d71c9db5d7f407f3649d49fb3a2c1be87feb28588e160a70aa9c74a5a316
4,515,UKCHLL102,testing_set,PASS_AUTOMATED,data/extracted/curvas/testing_set/UKCHLL102/image.nii.gz,data/derived/curvas/pancreas_majority_vote/UKCHLL102.nii.gz,data/nnunet_raw/Dataset501_CURVASPancreasOOF/imagesTr/UKCHLL102_0000.nii.gz,data/nnunet_raw/Dataset501_CURVASPancreasOOF/labelsTr/UKCHLL102.nii.gz,data/nnunet_raw/Dataset515_CURVASPancreasOOF_Fold4/imagesTr/UKCHLL102_0000.nii.gz,data/nnunet_raw/Dataset515_CURVASPancreasOOF_Fold4/labelsTr/UKCHLL102.nii.gz,e2c42cad4035e360f9feb726ce5579086b5e7da2f036036e19b58d94f9af2f20,97813a4c7f59fda9ed55d772b999c787f578651890fc40ea73eef88bd0b93f4e,3660d71c9db5d7f407f3649d49fb3a2c1be87feb28588e160a70aa9c74a5a316
4,515,UKCHLL103,testing_set,PASS_AUTOMATED,data/extracted/curvas/testing_set/UKCHLL103/image.nii.gz,data/derived/curvas/pancreas_majority_vote/UKCHLL103.nii.gz,data/nnunet_raw/Dataset501_CURVASPancreasOOF/imagesTr/UKCHLL103_0000.nii.gz,data/nnunet_raw/Dataset501_CURVASPancreasOOF/labelsTr/UKCHLL103.nii.gz,data/nnunet_raw/Dataset515_CURVASPancreasOOF_Fold4/imagesTr/UKCHLL103_0000.nii.gz,data/nnunet_raw/Dataset515_CURVASPancreasOOF_Fold4/labelsTr/UKCHLL103.nii.gz,40a29174875d4d43268b2431d0a2e09a9cdc8b962a319e495c98b5b713351bd5,1822fef3d7424d33304ce6977b3487f2abbf47a327ff96ff1a541d5c725cdf61,3660d71c9db5d7f407f3649d49fb3a2c1be87feb28588e160a70aa9c74a5a316
4,515,UKCHLL104,testing_set,PASS_AUTOMATED,data/extracted/curvas/testing_set/UKCHLL104/image.nii.gz,data/derived/curvas/pancreas_majority_vote/UKCHLL104.nii.gz,data/nnunet_raw/Dataset501_CURVASPancreasOOF/imagesTr/UKCHLL104_0000.nii.gz,data/nnunet_raw/Dataset501_CURVASPancreasOOF/labelsTr/UKCHLL104.nii.gz,data/nnunet_raw/Dataset515_CURVASPancreasOOF_Fold4/imagesTr/UKCHLL104_0000.nii.gz,data/nnunet_raw/Dataset515_CURVASPancreasOOF_Fold4/labelsTr/UKCHLL104.nii.gz,cff367f8334abac58118fad0e1499d271f3ad402e5e6906b37789f1d03e54fbe,425f6dab0d5431842364d653e5097a7acd4a5cebfb2ce168e9e2b741a216c0f4,3660d71c9db5d7f407f3649d49fb3a2c1be87feb28588e160a70aa9c74a5a316
4,515,UKCHLL105,testing_set,PASS_AUTOMATED,data/extracted/curvas/testing_set/UKCHLL105/image.nii.gz,data/derived/curvas/pancreas_majority_vote/UKCHLL105.nii.gz,data/nnunet_raw/Dataset501_CURVASPancreasOOF/imagesTr/UKCHLL105_0000.nii.gz,data/nnunet_raw/Dataset501_CURVASPancreasOOF/labelsTr/UKCHLL105.nii.gz,data/nnunet_raw/Dataset515_CURVASPancreasOOF_Fold4/imagesTr/UKCHLL105_0000.nii.gz,data/nnunet_raw/Dataset515_CURVASPancreasOOF_Fold4/labelsTr/UKCHLL105.nii.gz,c62d32f5d037366f8ea7d260c67643219f45afddbd9618e240c3937f413c53e8,fa60f05b410f958f2a837a9b0756a8edd32270d10b2a3fecbd949b042c8ae414,3660d71c9db5d7f407f3649d49fb3a2c1be87feb28588e160a70aa9c74a5a316
4,515,UKCHLL106,testing_set,PASS_AUTOMATED,data/extracted/curvas/testing_set/UKCHLL106/image.nii.gz,data/derived/curvas/pancreas_majority_vote/UKCHLL106.nii.gz,data/nnunet_raw/Dataset501_CURVASPancreasOOF/imagesTr/UKCHLL106_0000.nii.gz,data/nnunet_raw/Dataset501_CURVASPancreasOOF/labelsTr/UKCHLL106.nii.gz,data/nnunet_raw/Dataset515_CURVASPancreasOOF_Fold4/imagesTr/UKCHLL106_0000.nii.gz,data/nnunet_raw/Dataset515_CURVASPancreasOOF_Fold4/labelsTr/UKCHLL106.nii.gz,feecafd1efe6119395cb4f5d1353079744e5b11f37055c74aefac2e1090434dc,9d9d1afd3133c5c421853157cdd15360d7eac28c37ab71ed8351178791307d8c,3660d71c9db5d7f407f3649d49fb3a2c1be87feb28588e160a70aa9c74a5a316
4,515,UKCHLL107,testing_set,PASS_AUTOMATED,data/extracted/curvas/testing_set/UKCHLL107/image.nii.gz,data/derived/curvas/pancreas_majority_vote/UKCHLL107.nii.gz,data/nnunet_raw/Dataset501_CURVASPancreasOOF/imagesTr/UKCHLL107_0000.nii.gz,data/nnunet_raw/Dataset501_CURVASPancreasOOF/labelsTr/UKCHLL107.nii.gz,data/nnunet_raw/Dataset515_CURVASPancreasOOF_Fold4/imagesTr/UKCHLL107_0000.nii.gz,data/nnunet_raw/Dataset515_CURVASPancreasOOF_Fold4/labelsTr/UKCHLL107.nii.gz,aaec8a4a1af6812e43aa201644fa05b7f88094f42b2e4d3fae2903c59fa83d36,5f0a96d1d26752b5bbc5d3d76242db610639fcf9889b5269c9d437e2e594a98f,3660d71c9db5d7f407f3649d49fb3a2c1be87feb28588e160a70aa9c74a5a316
4,515,UKCHLL108,testing_set,PASS_AUTOMATED,data/extracted/curvas/testing_set/UKCHLL108/image.nii.gz,data/derived/curvas/pancreas_majority_vote/UKCHLL108.nii.gz,data/nnunet_raw/Dataset501_CURVASPancreasOOF/imagesTr/UKCHLL108_0000.nii.gz,data/nnunet_raw/Dataset501_CURVASPancreasOOF/labelsTr/UKCHLL108.nii.gz,data/nnunet_raw/Dataset515_CURVASPancreasOOF_Fold4/imagesTr/UKCHLL108_0000.nii.gz,data/nnunet_raw/Dataset515_CURVASPancreasOOF_Fold4/labelsTr/UKCHLL108.nii.gz,e044080cf71a45e1d0c6a98fd3515f8cdbaaf76e5a4b85ad90a28e056ed58254,c342387fadc9ddeee2183fdde3d861bc6656f3bc04ce6d822946f293bd28ed88,3660d71c9db5d7f407f3649d49fb3a2c1be87feb28588e160a70aa9c74a5a316
4,515,UKCHLL110,testing_set,PASS_AUTOMATED,data/extracted/curvas/testing_set/UKCHLL110/image.nii.gz,data/derived/curvas/pancreas_majority_vote/UKCHLL110.nii.gz,data/nnunet_raw/Dataset501_CURVASPancreasOOF/imagesTr/UKCHLL110_0000.nii.gz,data/nnunet_raw/Dataset501_CURVASPancreasOOF/labelsTr/UKCHLL110.nii.gz,data/nnunet_raw/Dataset515_CURVASPancreasOOF_Fold4/imagesTr/UKCHLL110_0000.nii.gz,data/nnunet_raw/Dataset515_CURVASPancreasOOF_Fold4/labelsTr/UKCHLL110.nii.gz,5807478bac38e850ecccabd543d93750e7f83f20d9e749f330f35cd2fb1391c6,396510674168025263f8a03c4f28f87105c99240e5349035b3805ff751a56d03,3660d71c9db5d7f407f3649d49fb3a2c1be87feb28588e160a70aa9c74a5a316
4,515,UKCHLL111,testing_set,PASS_AUTOMATED,data/extracted/curvas/testing_set/UKCHLL111/image.nii.gz,data/derived/curvas/pancreas_majority_vote/UKCHLL111.nii.gz,data/nnunet_raw/Dataset501_CURVASPancreasOOF/imagesTr/UKCHLL111_0000.nii.gz,data/nnunet_raw/Dataset501_CURVASPancreasOOF/labelsTr/UKCHLL111.nii.gz,data/nnunet_raw/Dataset515_CURVASPancreasOOF_Fold4/imagesTr/UKCHLL111_0000.nii.gz,data/nnunet_raw/Dataset515_CURVASPancreasOOF_Fold4/labelsTr/UKCHLL111.nii.gz,97b23256e89961ef89236116826dc92cf16972a77d4bd7dfab3e72aebfd5ef9c,a7bdcb6aa87e4f9486efa45fa685ee864a239316d0dc3959ba952eab74c8af1a,3660d71c9db5d7f407f3649d49fb3a2c1be87feb28588e160a70aa9c74a5a316
4,515,UKCHLL112,testing_set,PASS_AUTOMATED,data/extracted/curvas/testing_set/UKCHLL112/image.nii.gz,data/derived/curvas/pancreas_majority_vote/UKCHLL112.nii.gz,data/nnunet_raw/Dataset501_CURVASPancreasOOF/imagesTr/UKCHLL112_0000.nii.gz,data/nnunet_raw/Dataset501_CURVASPancreasOOF/labelsTr/UKCHLL112.nii.gz,data/nnunet_raw/Dataset515_CURVASPancreasOOF_Fold4/imagesTr/UKCHLL112_0000.nii.gz,data/nnunet_raw/Dataset515_CURVASPancreasOOF_Fold4/labelsTr/UKCHLL112.nii.gz,7aa1b274b8083ad693a3e916ed6529caa637210733b412ede5f944371ae81057,6f29e13b3974762d999c00426ae8a55d6e4923fdad8ae67d1cf4153cf736ae27,3660d71c9db5d7f407f3649d49fb3a2c1be87feb28588e160a70aa9c74a5a316
4,515,UKCHLL113,testing_set,PASS_AUTOMATED,data/extracted/curvas/testing_set/UKCHLL113/image.nii.gz,data/derived/curvas/pancreas_majority_vote/UKCHLL113.nii.gz,data/nnunet_raw/Dataset501_CURVASPancreasOOF/imagesTr/UKCHLL113_0000.nii.gz,data/nnunet_raw/Dataset501_CURVASPancreasOOF/labelsTr/UKCHLL113.nii.gz,data/nnunet_raw/Dataset515_CURVASPancreasOOF_Fold4/imagesTr/UKCHLL113_0000.nii.gz,data/nnunet_raw/Dataset515_CURVASPancreasOOF_Fold4/labelsTr/UKCHLL113.nii.gz,ee837b2c4e3020daf390ae663f6fb8a135e456d576f99a1af0af03e24e099a37,f3f1c3b4c9b051bbe8418ee5fb430e9da4473b1dbf386088d94318a4308179dc,3660d71c9db5d7f407f3649d49fb3a2c1be87feb28588e160a70aa9c74a5a316
